number of adults,number of children,number of weekend nights,number of week nights,type of meal,car parking space,room type,lead time,market segment type,average price,special requests,booking status
2,0,0,2,Meal Plan 1,0,Room_Type 1,177,Offline,100,0,Canceled
1,0,0,2,Meal Plan 1,0,Room_Type 1,172,Offline,95,0,Canceled
2,0,2,2,Not Selected,0,Room_Type 1,105,Online,108,1,Canceled
2,0,2,3,Meal Plan 1,0,Room_Type 1,143,Online,100.3,0,Canceled
3,0,1,1,Meal Plan 1,0,Room_Type 1,33,Corporate,95,0,Not_Canceled
1,0,2,4,Meal Plan 1,0,Room_Type 1,69,Offline,120,0,Canceled
2,2,0,1,Meal Plan 1,0,Room_Type 6,0,Online,181,0,Canceled
2,1,2,1,Meal Plan 1,0,Room_Type 4,127,Offline,94.78,2,Canceled
2,0,0,2,Meal Plan 1,0,Room_Type 1,317,Offline,120,0,Canceled
2,0,1,4,Meal Plan 1,0,Room_Type 1,137,Online,107.95,0,Not_Canceled
2,0,1,0,Meal Plan 1,0,Room_Type 1,5,Online,167,0,Canceled
2,1,1,2,Meal Plan 2,0,Room_Type 1,62,Online,111.88,1,Not_Canceled
2,0,1,0,Meal Plan 1,0,Room_Type 5,151,Offline,200,0,Canceled
2,0,0,4,Meal Plan 1,0,Room_Type 4,14,Online,148.5,0,Canceled
2,0,1,0,Meal Plan 1,0,Room_Type 1,258,Offline,110,0,Canceled
2,0,0,2,Meal Plan 1,0,Room_Type 1,211,Online,100,0,Canceled
1,0,0,3,Meal Plan 2,0,Room_Type 1,13,Offline,73,0,Not_Canceled
1,0,1,2,Meal Plan 1,0,Room_Type 1,10,Online,119,0,Canceled
3,0,3,5,Meal Plan 1,0,Room_Type 4,82,Online,150.3,2,Canceled
1,0,0,1,Meal Plan 1,0,Room_Type 1,2,Complementary,0,0,Not_Canceled
1,0,0,1,Meal Plan 1,0,Room_Type 1,1,Corporate,65,0,Canceled
1,1,2,1,Not Selected,0,Room_Type 1,6,Offline,71.2,1,Not_Canceled
2,1,1,2,Meal Plan 1,0,Room_Type 4,48,Online,138.6,1,Not_Canceled
2,0,2,1,Not Selected,0,Room_Type 1,101,Online,107.1,0,Canceled
2,0,0,4,Meal Plan 1,0,Room_Type 1,29,Online,98.98,2,Not_Canceled
2,0,1,2,Meal Plan 2,0,Room_Type 1,98,Online,124.2,1,Not_Canceled
1,0,2,2,Meal Plan 1,0,Room_Type 1,124,Online,146.03,3,Not_Canceled
2,1,2,5,Meal Plan 1,0,Room_Type 1,177,Online,125.1,1,Canceled
2,0,1,4,Meal Plan 1,0,Room_Type 4,159,Online,133.2,1,Canceled
2,0,0,1,Not Selected,0,Room_Type 1,0,Online,158,1,Canceled
2,0,0,3,Not Selected,0,Room_Type 1,8,Online,116.67,1,Not_Canceled
2,0,1,2,Meal Plan 1,1,Room_Type 1,58,Online,108.9,0,Not_Canceled
1,0,0,3,Meal Plan 1,0,Room_Type 6,159,Online,187.85,0,Canceled
2,0,2,7,Meal Plan 1,0,Room_Type 1,80,Online,63.46,0,Not_Canceled
2,0,0,1,Meal Plan 1,0,Room_Type 1,28,Online,89,1,Not_Canceled
1,0,1,0,Not Selected,0,Room_Type 1,5,Online,149,2,Not_Canceled
1,0,0,1,Meal Plan 1,0,Room_Type 1,34,Corporate,65,0,Canceled
3,1,0,2,Meal Plan 1,0,Room_Type 4,174,Online,166.7,2,Canceled
2,1,0,3,Meal Plan 1,0,Room_Type 1,151,Online,143.28,1,Canceled
2,0,1,1,Not Selected,0,Room_Type 1,105,Online,107.1,1,Not_Canceled
2,0,1,2,Meal Plan 1,0,Room_Type 1,96,Online,94.67,2,Not_Canceled
1,0,1,2,Meal Plan 1,0,Room_Type 1,0,Offline,110,1,Not_Canceled
2,0,0,1,Not Selected,0,Room_Type 1,51,Online,87.3,1,Not_Canceled
2,0,2,3,Meal Plan 2,0,Room_Type 1,170,Offline,300,0,Canceled
3,0,2,1,Meal Plan 1,0,Room_Type 1,84,Online,103.72,2,Not_Canceled
1,0,0,1,Not Selected,0,Room_Type 1,0,Online,81,0,Not_Canceled
2,0,0,2,Meal Plan 2,0,Room_Type 1,377,Offline,115,1,Canceled
2,2,0,3,Meal Plan 1,0,Room_Type 6,67,Online,168.9,0,Canceled
1,0,0,2,Meal Plan 2,0,Room_Type 1,102,Offline,87,0,Not_Canceled
3,0,0,3,Meal Plan 1,0,Room_Type 4,117,Online,146.7,0,Canceled
2,0,0,1,Meal Plan 1,0,Room_Type 1,105,Offline,75,0,Canceled
2,0,1,3,Meal Plan 2,0,Room_Type 1,178,Offline,106.25,1,Canceled
2,0,2,3,Meal Plan 1,0,Room_Type 4,109,Offline,90.96,1,Not_Canceled
2,1,2,3,Meal Plan 1,0,Room_Type 1,68,Online,109.65,0,Canceled
1,0,0,1,Meal Plan 1,0,Room_Type 1,15,Corporate,81,0,Not_Canceled
2,2,0,3,Meal Plan 1,0,Room_Type 6,45,Online,204,2,Not_Canceled
2,0,1,2,Meal Plan 1,0,Room_Type 1,193,Offline,120,0,Canceled
1,0,2,0,Meal Plan 1,0,Room_Type 1,11,Online,70.3,1,Not_Canceled
2,1,2,0,Meal Plan 1,0,Room_Type 1,62,Online,152.1,1,Not_Canceled
2,0,1,2,Not Selected,0,Room_Type 1,113,Online,89.4,0,Canceled
3,0,2,3,Meal Plan 1,0,Room_Type 4,53,Offline,167.22,1,Not_Canceled
1,0,2,2,Meal Plan 1,0,Room_Type 1,82,Online,109.65,0,Not_Canceled
1,0,0,1,Meal Plan 1,0,Room_Type 1,17,Corporate,67,0,Canceled
3,0,2,3,Meal Plan 1,0,Room_Type 1,60,Offline,41.76,1,Not_Canceled
2,1,1,1,Meal Plan 1,0,Room_Type 1,65,Online,152.1,0,Canceled
2,0,2,5,Meal Plan 1,0,Room_Type 4,69,Online,149.4,1,Canceled
1,0,3,7,Meal Plan 1,0,Room_Type 1,313,Online,77.69,0,Canceled
2,0,0,2,Meal Plan 1,0,Room_Type 1,308,Offline,52,0,Canceled
2,0,2,8,Meal Plan 1,0,Room_Type 4,78,Online,83.85,1,Not_Canceled
1,0,2,2,Meal Plan 1,0,Room_Type 1,163,Offline,100,0,Canceled
2,0,2,1,Meal Plan 1,0,Room_Type 1,9,Online,155.08,1,Not_Canceled
1,0,0,1,Meal Plan 1,0,Room_Type 1,1,Corporate,65,1,Not_Canceled
2,0,2,4,Meal Plan 1,0,Room_Type 1,175,Online,90.9,2,Canceled
1,0,2,2,Meal Plan 1,0,Room_Type 1,163,Offline,100,0,Canceled
2,0,2,1,Meal Plan 1,0,Room_Type 1,24,Corporate,50,0,Not_Canceled
1,0,1,1,Not Selected,0,Room_Type 1,163,Online,91.63,1,Not_Canceled
2,0,1,2,Meal Plan 2,0,Room_Type 1,309,Offline,101,0,Canceled
2,0,0,1,Meal Plan 1,0,Room_Type 1,56,Offline,120,0,Not_Canceled
2,0,0,2,Meal Plan 1,0,Room_Type 1,245,Offline,75,0,Canceled
2,0,1,2,Meal Plan 1,0,Room_Type 1,15,Online,200,2,Not_Canceled
2,0,1,2,Meal Plan 2,0,Room_Type 1,315,Offline,160,0,Canceled
2,0,0,2,Meal Plan 2,0,Room_Type 1,74,Offline,109,0,Not_Canceled
2,1,1,1,Meal Plan 1,0,Room_Type 1,14,Online,134,1,Not_Canceled
2,0,1,3,Not Selected,0,Room_Type 1,12,Online,178.5,1,Not_Canceled
2,0,2,2,Meal Plan 1,0,Room_Type 1,60,Online,71.4,0,Not_Canceled
2,0,0,1,Meal Plan 1,0,Room_Type 4,64,Online,149.4,0,Canceled
1,0,3,6,Not Selected,0,Room_Type 1,12,Online,71.87,1,Canceled
2,0,1,3,Meal Plan 1,0,Room_Type 1,250,Offline,95,0,Canceled
1,0,1,0,Meal Plan 1,0,Room_Type 1,36,Online,107.1,1,Canceled
2,0,0,2,Not Selected,1,Room_Type 1,0,Online,80,1,Not_Canceled
1,0,2,3,Meal Plan 1,0,Room_Type 1,269,Offline,70,0,Not_Canceled
2,0,1,0,Not Selected,0,Room_Type 1,24,Online,0,1,Not_Canceled
2,0,0,3,Meal Plan 1,0,Room_Type 1,213,Offline,130,0,Canceled
2,0,0,2,Meal Plan 1,0,Room_Type 1,0,Complementary,0,1,Not_Canceled
1,0,1,0,Not Selected,0,Room_Type 1,131,Online,108,0,Canceled
1,0,1,3,Meal Plan 1,0,Room_Type 1,3,Corporate,65,1,Not_Canceled
2,0,0,3,Meal Plan 1,0,Room_Type 1,276,Offline,116.33,0,Canceled
2,0,2,1,Not Selected,0,Room_Type 1,145,Online,60.98,0,Not_Canceled
1,0,0,1,Not Selected,0,Room_Type 1,20,Offline,85,0,Not_Canceled
2,0,2,1,Meal Plan 1,0,Room_Type 1,92,Offline,100,0,Canceled
2,0,2,5,Meal Plan 1,0,Room_Type 4,195,Online,112.2,2,Canceled
2,0,2,3,Meal Plan 1,0,Room_Type 1,91,Online,105.3,1,Not_Canceled
2,0,0,1,Not Selected,0,Room_Type 1,159,Online,94.5,0,Canceled
2,0,0,4,Meal Plan 1,0,Room_Type 4,83,Online,132.3,2,Not_Canceled
2,0,1,3,Meal Plan 1,0,Room_Type 1,38,Online,88.8,0,Canceled
2,0,1,2,Meal Plan 1,0,Room_Type 1,273,Offline,95,0,Canceled
2,0,1,1,Meal Plan 1,0,Room_Type 1,157,Offline,112,0,Canceled
2,0,0,5,Meal Plan 1,0,Room_Type 1,254,Online,90.95,0,Canceled
1,0,0,3,Meal Plan 1,0,Room_Type 1,218,Offline,80,0,Not_Canceled
2,0,1,4,Meal Plan 1,0,Room_Type 1,218,Online,90.95,0,Canceled
2,0,0,3,Meal Plan 1,0,Room_Type 4,11,Corporate,90,0,Canceled
1,0,2,2,Meal Plan 1,0,Room_Type 1,157,Online,117.68,2,Canceled
2,0,0,2,Meal Plan 2,0,Room_Type 1,265,Online,109,1,Canceled
2,0,1,3,Meal Plan 1,0,Room_Type 1,285,Online,100,0,Canceled
1,0,0,2,Meal Plan 1,0,Room_Type 4,0,Online,116,0,Not_Canceled
2,1,0,2,Meal Plan 1,0,Room_Type 2,22,Online,109.1,3,Not_Canceled
2,0,0,3,Meal Plan 1,0,Room_Type 1,37,Offline,105,0,Not_Canceled
2,0,1,1,Not Selected,0,Room_Type 1,184,Online,94.5,0,Canceled
3,0,2,2,Meal Plan 1,0,Room_Type 1,167,Online,130.05,0,Canceled
2,0,2,2,Meal Plan 1,0,Room_Type 1,65,Offline,80.75,0,Not_Canceled
2,0,0,2,Meal Plan 1,0,Room_Type 1,245,Offline,75,0,Canceled
2,0,0,1,Not Selected,0,Room_Type 1,71,Online,79.2,2,Not_Canceled
2,0,2,0,Meal Plan 2,0,Room_Type 1,75,Online,105,0,Canceled
1,0,0,2,Meal Plan 1,0,Room_Type 1,64,Corporate,130,0,Not_Canceled
2,0,2,2,Meal Plan 1,0,Room_Type 1,61,Offline,63.58,0,Not_Canceled
2,0,0,1,Meal Plan 1,0,Room_Type 1,113,Online,90,1,Canceled
2,2,0,3,Meal Plan 1,0,Room_Type 2,5,Online,83.03,0,Canceled
2,0,2,2,Not Selected,0,Room_Type 1,27,Online,128.28,0,Not_Canceled
2,0,1,2,Meal Plan 2,0,Room_Type 1,315,Online,160,0,Canceled
2,0,0,3,Meal Plan 1,0,Room_Type 1,259,Offline,90,0,Canceled
2,0,2,1,Meal Plan 1,0,Room_Type 1,196,Online,105.3,0,Canceled
2,0,2,0,Not Selected,0,Room_Type 1,155,Online,86.4,0,Canceled
1,0,0,1,Meal Plan 1,0,Room_Type 1,5,Offline,65.8,0,Not_Canceled
2,0,1,1,Not Selected,0,Room_Type 1,268,Online,95.4,0,Canceled
2,0,2,5,Meal Plan 1,0,Room_Type 4,125,Online,113.41,0,Canceled
2,0,0,3,Not Selected,0,Room_Type 1,64,Online,94.5,0,Not_Canceled
2,0,0,4,Meal Plan 1,0,Room_Type 1,101,Online,93.08,1,Not_Canceled
2,0,0,2,Meal Plan 1,0,Room_Type 2,23,Online,81.75,1,Not_Canceled
2,0,2,2,Not Selected,0,Room_Type 1,11,Online,76.29,0,Not_Canceled
1,0,1,1,Not Selected,0,Room_Type 1,4,Online,104,0,Not_Canceled
2,0,1,3,Meal Plan 1,0,Room_Type 1,210,Offline,72.75,0,Not_Canceled
1,0,2,2,Meal Plan 1,0,Room_Type 1,37,Online,95,0,Not_Canceled
2,0,0,1,Not Selected,0,Room_Type 1,5,Online,139,1,Canceled
1,0,1,2,Meal Plan 1,0,Room_Type 1,118,Offline,110,0,Not_Canceled
2,0,0,1,Meal Plan 1,0,Room_Type 1,176,Online,97.71,0,Canceled
1,0,0,2,Meal Plan 1,0,Room_Type 1,64,Online,86.4,1,Canceled
2,0,1,2,Meal Plan 1,0,Room_Type 1,168,Online,85,0,Canceled
2,0,0,1,Meal Plan 2,0,Room_Type 1,55,Offline,104,0,Not_Canceled
2,0,0,2,Not Selected,0,Room_Type 1,84,Online,116.1,0,Canceled
1,0,2,2,Meal Plan 1,0,Room_Type 1,2,Offline,61.38,0,Not_Canceled
2,0,2,4,Meal Plan 1,0,Room_Type 2,33,Online,107.58,2,Canceled
2,0,1,1,Not Selected,0,Room_Type 1,43,Online,94.5,1,Not_Canceled
2,0,2,2,Meal Plan 1,0,Room_Type 4,38,Online,149.4,0,Canceled
1,0,0,1,Meal Plan 1,0,Room_Type 1,7,Corporate,65,0,Not_Canceled
2,2,0,1,Meal Plan 1,0,Room_Type 6,207,Online,168.3,1,Canceled
3,0,0,4,Meal Plan 1,0,Room_Type 4,114,Online,150.45,0,Not_Canceled
2,0,0,4,Meal Plan 1,0,Room_Type 4,70,Online,102.1,2,Not_Canceled
2,0,1,3,Meal Plan 1,0,Room_Type 1,179,Online,90.9,0,Canceled
2,2,1,0,Meal Plan 1,0,Room_Type 6,0,Online,177,0,Not_Canceled
2,0,0,3,Meal Plan 1,0,Room_Type 1,314,Offline,75,0,Canceled
1,0,0,3,Meal Plan 1,0,Room_Type 1,89,Online,63.75,1,Canceled
2,0,1,2,Meal Plan 1,0,Room_Type 4,26,Online,158.33,0,Canceled
2,0,0,2,Meal Plan 1,0,Room_Type 1,11,Online,141,1,Canceled
2,0,0,4,Meal Plan 1,0,Room_Type 1,131,Online,105.3,0,Canceled
2,0,1,2,Meal Plan 1,0,Room_Type 4,65,Online,118.8,1,Canceled
2,0,0,5,Meal Plan 1,0,Room_Type 1,186,Online,90.95,1,Canceled
2,0,1,2,Not Selected,0,Room_Type 1,20,Online,92.67,1,Not_Canceled
3,0,1,2,Meal Plan 1,0,Room_Type 4,47,Online,123.3,0,Canceled
1,0,0,2,Meal Plan 1,0,Room_Type 4,2,Online,147,0,Not_Canceled
2,0,1,2,Meal Plan 1,0,Room_Type 4,14,Online,149.33,1,Not_Canceled
2,0,1,4,Meal Plan 1,0,Room_Type 1,127,Online,90,3,Not_Canceled
2,0,0,2,Meal Plan 1,0,Room_Type 1,322,Offline,52,0,Not_Canceled
2,0,2,3,Meal Plan 1,0,Room_Type 1,82,Online,122.76,2,Not_Canceled
1,0,0,1,Meal Plan 1,0,Room_Type 1,0,Online,135,0,Canceled
3,0,2,0,Meal Plan 1,0,Room_Type 1,37,Offline,111.6,0,Not_Canceled
2,0,0,2,Meal Plan 1,0,Room_Type 1,46,Offline,75,0,Not_Canceled
2,0,0,1,Not Selected,0,Room_Type 1,0,Online,107,0,Not_Canceled
1,0,1,0,Meal Plan 1,1,Room_Type 1,20,Online,154,1,Not_Canceled
1,0,3,5,Meal Plan 1,0,Room_Type 1,96,Online,80.7,0,Canceled
3,0,2,1,Meal Plan 1,0,Room_Type 4,49,Online,158.4,1,Canceled
2,0,0,1,Not Selected,0,Room_Type 1,50,Online,86.4,1,Not_Canceled
2,0,2,4,Meal Plan 1,0,Room_Type 1,224,Online,114.9,1,Canceled
2,2,1,2,Meal Plan 1,0,Room_Type 6,102,Online,189.3,0,Not_Canceled
2,0,1,2,Meal Plan 1,0,Room_Type 1,273,Offline,95,0,Canceled
2,0,0,2,Not Selected,1,Room_Type 1,177,Online,103.5,1,Canceled
3,0,0,1,Meal Plan 1,0,Room_Type 4,117,Online,123.3,0,Not_Canceled
2,0,1,4,Meal Plan 1,0,Room_Type 1,76,Online,100.6,1,Not_Canceled
2,0,0,2,Not Selected,0,Room_Type 1,76,Online,76.5,1,Not_Canceled
2,0,0,2,Meal Plan 1,0,Room_Type 4,86,Online,127.8,0,Canceled
1,0,1,0,Meal Plan 1,0,Room_Type 1,45,Corporate,65,0,Canceled
1,0,1,2,Meal Plan 1,0,Room_Type 4,38,Online,131.4,0,Canceled
2,2,0,3,Meal Plan 1,0,Room_Type 6,7,Online,201,1,Canceled
2,0,0,2,Meal Plan 2,0,Room_Type 1,257,Offline,101.5,0,Canceled
2,0,1,4,Meal Plan 1,0,Room_Type 1,54,Online,109.8,1,Not_Canceled
2,0,2,3,Meal Plan 1,0,Room_Type 1,82,Online,84.15,1,Not_Canceled
1,0,0,4,Meal Plan 2,0,Room_Type 1,296,Offline,96,0,Not_Canceled
1,0,0,1,Meal Plan 1,0,Room_Type 1,1,Offline,90,0,Not_Canceled
3,0,0,3,Meal Plan 1,0,Room_Type 4,120,Online,140.7,0,Not_Canceled
2,0,0,2,Meal Plan 1,0,Room_Type 2,179,Online,103.69,0,Canceled
2,0,1,0,Not Selected,1,Room_Type 1,4,Online,98,1,Not_Canceled
2,0,0,2,Meal Plan 2,0,Room_Type 4,80,Offline,136,0,Not_Canceled
2,1,2,1,Meal Plan 1,0,Room_Type 1,103,Offline,77.29,1,Canceled
2,0,1,3,Meal Plan 1,0,Room_Type 1,50,Online,99.45,0,Canceled
3,0,2,5,Meal Plan 1,0,Room_Type 4,193,Online,130.05,0,Canceled
2,0,0,1,Meal Plan 1,0,Room_Type 1,14,Online,87,1,Canceled
2,0,0,2,Not Selected,0,Room_Type 1,119,Online,94.5,0,Canceled
2,0,0,3,Meal Plan 2,0,Room_Type 1,150,Offline,90,1,Not_Canceled
3,0,2,7,Meal Plan 1,0,Room_Type 4,178,Online,127.22,1,Canceled
1,0,0,4,Meal Plan 1,0,Room_Type 1,7,Online,99,1,Not_Canceled
2,0,0,2,Meal Plan 1,0,Room_Type 1,215,Online,97.71,0,Canceled
2,0,0,4,Meal Plan 1,0,Room_Type 1,13,Offline,54.75,0,Not_Canceled
1,0,0,3,Meal Plan 1,0,Room_Type 1,4,Corporate,65.33,0,Not_Canceled
2,0,2,1,Not Selected,0,Room_Type 1,133,Online,108,0,Canceled
2,0,2,1,Meal Plan 1,0,Room_Type 1,194,Online,96.3,2,Canceled
2,1,2,5,Meal Plan 1,0,Room_Type 1,194,Online,111.11,2,Canceled
2,0,1,3,Meal Plan 1,0,Room_Type 1,113,Offline,72.25,0,Not_Canceled
1,0,2,2,Meal Plan 1,0,Room_Type 1,359,Online,95,0,Canceled
2,0,2,1,Meal Plan 2,0,Room_Type 1,4,Offline,109,0,Not_Canceled
2,0,2,1,Meal Plan 1,0,Room_Type 4,63,Online,140.4,0,Canceled
3,0,0,4,Meal Plan 1,0,Room_Type 4,36,Online,150.3,0,Canceled
2,0,1,0,Meal Plan 1,0,Room_Type 1,141,Offline,90,0,Not_Canceled
1,0,0,2,Meal Plan 1,0,Room_Type 1,188,Online,130,0,Canceled
1,0,0,2,Meal Plan 1,0,Room_Type 1,103,Offline,115,0,Canceled
3,0,2,3,Meal Plan 1,0,Room_Type 4,71,Online,124.95,2,Not_Canceled
1,0,1,3,Meal Plan 1,0,Room_Type 4,16,Online,127.5,0,Canceled
1,0,2,1,Meal Plan 2,0,Room_Type 1,23,Offline,79,0,Not_Canceled
2,0,1,2,Meal Plan 1,0,Room_Type 1,273,Offline,95,0,Canceled
2,0,0,1,Not Selected,0,Room_Type 1,1,Online,149,1,Not_Canceled
2,0,0,2,Meal Plan 1,0,Room_Type 1,44,Online,103.05,1,Canceled
2,0,0,2,Meal Plan 2,0,Room_Type 1,286,Online,117,1,Canceled
2,0,1,3,Not Selected,0,Room_Type 1,90,Online,70.78,1,Not_Canceled
2,0,2,1,Meal Plan 2,0,Room_Type 1,110,Offline,94.5,0,Canceled
2,0,0,5,Not Selected,0,Room_Type 1,6,Online,88.92,0,Not_Canceled
2,0,0,3,Not Selected,0,Room_Type 1,76,Online,80.1,0,Canceled
1,0,0,2,Meal Plan 1,0,Room_Type 1,1,Corporate,65,0,Not_Canceled
2,0,1,0,Not Selected,0,Room_Type 1,64,Online,103.5,0,Not_Canceled
2,0,1,0,Not Selected,0,Room_Type 1,155,Online,94.5,1,Not_Canceled
2,0,1,3,Meal Plan 1,0,Room_Type 1,153,Online,133.88,2,Canceled
3,0,2,2,Meal Plan 1,0,Room_Type 4,19,Online,187,2,Not_Canceled
1,0,0,2,Meal Plan 1,0,Room_Type 1,64,Corporate,130,0,Not_Canceled
2,0,3,7,Meal Plan 1,0,Room_Type 1,23,Online,95.98,0,Not_Canceled
2,0,1,3,Meal Plan 1,0,Room_Type 1,3,Online,126.25,2,Not_Canceled
1,0,2,1,Not Selected,0,Room_Type 1,10,Online,112.33,1,Canceled
3,0,0,4,Meal Plan 1,0,Room_Type 4,106,Online,152.1,0,Canceled
2,0,1,2,Meal Plan 2,0,Room_Type 1,162,Offline,85.17,1,Not_Canceled
2,0,2,2,Meal Plan 1,0,Room_Type 2,90,Online,79.8,1,Not_Canceled
2,0,0,3,Meal Plan 1,0,Room_Type 1,38,Online,78.3,1,Not_Canceled
2,0,2,2,Meal Plan 1,0,Room_Type 1,35,Online,88.4,1,Not_Canceled
3,0,0,4,Meal Plan 1,0,Room_Type 4,71,Online,128,0,Not_Canceled
1,0,0,3,Meal Plan 1,0,Room_Type 1,104,Online,110.1,1,Not_Canceled
2,0,0,2,Not Selected,0,Room_Type 1,64,Online,65.36,2,Not_Canceled
3,0,0,2,Meal Plan 1,0,Room_Type 4,12,Online,127,1,Canceled
3,0,0,1,Meal Plan 1,0,Room_Type 4,55,Online,137.7,0,Canceled
2,0,0,1,Meal Plan 1,0,Room_Type 1,443,Offline,65,0,Canceled
2,0,2,2,Meal Plan 1,0,Room_Type 1,204,Offline,72.75,0,Not_Canceled
2,0,2,2,Meal Plan 1,0,Room_Type 1,151,Online,77.23,1,Not_Canceled
2,0,0,2,Meal Plan 1,0,Room_Type 1,317,Online,120,0,Canceled
2,0,0,1,Meal Plan 1,0,Room_Type 4,9,Online,156,0,Canceled
1,0,0,1,Meal Plan 1,0,Room_Type 1,34,Corporate,65,0,Canceled
2,0,0,4,Not Selected,0,Room_Type 1,11,Online,80.75,2,Not_Canceled
2,0,1,2,Meal Plan 1,0,Room_Type 1,84,Online,126.9,0,Canceled
2,0,0,1,Not Selected,0,Room_Type 1,0,Online,109,1,Not_Canceled
2,0,0,1,Not Selected,0,Room_Type 1,125,Online,116.1,0,Not_Canceled
2,0,1,1,Not Selected,0,Room_Type 1,175,Online,85.5,1,Not_Canceled
2,0,2,1,Meal Plan 1,0,Room_Type 1,65,Offline,68,0,Not_Canceled
2,0,2,5,Meal Plan 1,0,Room_Type 4,15,Online,128.84,0,Canceled
2,0,2,2,Meal Plan 1,0,Room_Type 4,179,Online,104.4,1,Canceled
2,0,1,2,Meal Plan 1,0,Room_Type 1,256,Offline,76.67,0,Not_Canceled
2,0,2,2,Meal Plan 1,0,Room_Type 1,99,Online,65,0,Canceled
2,0,1,3,Meal Plan 1,0,Room_Type 4,75,Online,103.7,1,Not_Canceled
2,0,2,3,Meal Plan 1,0,Room_Type 1,0,Online,88,0,Not_Canceled
2,0,1,1,Meal Plan 1,0,Room_Type 1,33,Corporate,64,0,Not_Canceled
1,0,0,1,Meal Plan 1,0,Room_Type 1,6,Online,85.5,0,Canceled
2,0,0,3,Meal Plan 1,0,Room_Type 6,20,Online,196,2,Not_Canceled
2,0,1,2,Meal Plan 2,0,Room_Type 1,418,Online,107,0,Canceled
2,0,1,1,Meal Plan 1,1,Room_Type 4,130,Online,134.1,1,Not_Canceled
2,0,1,1,Meal Plan 1,0,Room_Type 1,158,Online,89.25,1,Not_Canceled
1,0,2,1,Meal Plan 1,0,Room_Type 1,38,Offline,81,0,Canceled
2,0,0,2,Meal Plan 1,0,Room_Type 1,112,Offline,100,0,Not_Canceled
2,0,0,1,Meal Plan 1,0,Room_Type 1,105,Offline,75,0,Canceled
2,0,0,2,Meal Plan 1,0,Room_Type 1,317,Online,120,0,Canceled
2,0,1,1,Meal Plan 1,0,Room_Type 1,1,Online,105,0,Canceled
2,0,0,3,Meal Plan 1,0,Room_Type 4,27,Online,125.25,1,Not_Canceled
1,0,0,1,Meal Plan 1,1,Room_Type 1,2,Corporate,67,1,Not_Canceled
2,0,1,2,Meal Plan 1,0,Room_Type 1,65,Online,67.81,1,Not_Canceled
2,0,0,2,Meal Plan 1,0,Room_Type 1,239,Online,107,1,Canceled
2,0,0,1,Meal Plan 1,0,Room_Type 4,4,Online,176,1,Not_Canceled
1,0,0,3,Meal Plan 2,0,Room_Type 1,2,Offline,91,0,Not_Canceled
2,0,0,4,Meal Plan 2,0,Room_Type 1,113,Online,117.3,3,Not_Canceled
2,0,0,1,Meal Plan 1,0,Room_Type 1,117,Online,76.5,0,Canceled
3,0,0,3,Meal Plan 1,0,Room_Type 4,94,Online,137.7,0,Canceled
2,0,1,2,Meal Plan 1,0,Room_Type 1,302,Offline,100,0,Canceled
2,0,0,3,Meal Plan 1,0,Room_Type 1,64,Online,93.6,1,Canceled
2,0,2,1,Meal Plan 1,0,Room_Type 1,306,Online,95.4,3,Not_Canceled
2,0,1,2,Meal Plan 1,0,Room_Type 1,4,Offline,76.8,0,Not_Canceled
3,0,0,3,Meal Plan 1,0,Room_Type 1,85,Offline,86.36,0,Not_Canceled
2,0,1,3,Meal Plan 1,0,Room_Type 6,25,Online,158,0,Canceled
2,0,0,3,Meal Plan 1,0,Room_Type 1,71,Offline,95,0,Not_Canceled
1,0,1,0,Meal Plan 1,0,Room_Type 1,4,Corporate,59,0,Not_Canceled
2,0,2,5,Meal Plan 2,0,Room_Type 4,51,Offline,87.3,0,Not_Canceled
2,0,1,4,Meal Plan 1,0,Room_Type 1,55,Offline,74.8,0,Canceled
1,0,0,1,Not Selected,0,Room_Type 1,40,Online,72,0,Not_Canceled
2,0,1,3,Meal Plan 1,0,Room_Type 1,67,Online,135.9,1,Not_Canceled
2,0,0,2,Not Selected,0,Room_Type 1,14,Online,100,2,Not_Canceled
2,0,2,5,Meal Plan 1,0,Room_Type 1,96,Online,76.5,0,Canceled
2,0,0,1,Meal Plan 1,0,Room_Type 1,105,Online,93.6,1,Canceled
1,0,2,0,Meal Plan 1,0,Room_Type 1,0,Corporate,65,0,Not_Canceled
1,0,1,2,Meal Plan 1,0,Room_Type 4,253,Online,140.4,1,Canceled
2,0,0,3,Meal Plan 1,0,Room_Type 1,279,Offline,110,0,Canceled
2,0,0,4,Meal Plan 1,0,Room_Type 1,104,Online,111.78,0,Canceled
2,0,0,2,Meal Plan 1,0,Room_Type 1,67,Online,104.55,1,Canceled
2,0,1,5,Meal Plan 1,0,Room_Type 1,233,Online,90.95,0,Canceled
3,0,0,3,Meal Plan 1,0,Room_Type 4,120,Online,159.3,1,Canceled
2,0,0,3,Meal Plan 1,0,Room_Type 1,104,Online,76.5,0,Canceled
2,0,0,1,Meal Plan 1,0,Room_Type 4,5,Online,184,2,Not_Canceled
2,0,2,4,Meal Plan 1,0,Room_Type 4,28,Online,164.5,2,Not_Canceled
2,0,1,2,Meal Plan 1,0,Room_Type 1,31,Offline,75,0,Not_Canceled
2,0,2,2,Meal Plan 1,0,Room_Type 1,61,Offline,63.58,0,Not_Canceled
1,0,1,2,Meal Plan 1,0,Room_Type 1,180,Offline,120,0,Canceled
2,0,0,4,Meal Plan 1,0,Room_Type 1,48,Offline,75,0,Not_Canceled
2,0,0,2,Meal Plan 2,0,Room_Type 1,74,Offline,101.5,0,Not_Canceled
2,0,0,2,Meal Plan 1,0,Room_Type 1,9,Online,160,1,Not_Canceled
1,0,0,3,Meal Plan 1,0,Room_Type 1,104,Online,110.1,0,Not_Canceled
1,0,0,1,Meal Plan 1,0,Room_Type 1,101,Online,63.75,1,Canceled
2,0,0,3,Meal Plan 1,0,Room_Type 4,8,Online,142.67,0,Canceled
2,1,0,3,Meal Plan 1,0,Room_Type 1,105,Online,143.1,0,Canceled
2,0,1,4,Meal Plan 1,0,Room_Type 1,57,Online,63.55,1,Not_Canceled
3,0,2,6,Meal Plan 1,0,Room_Type 1,132,Offline,96.9,1,Not_Canceled
1,0,1,3,Meal Plan 2,0,Room_Type 1,210,Online,0,0,Canceled
1,0,0,3,Meal Plan 1,0,Room_Type 4,16,Corporate,76,0,Not_Canceled
1,0,2,4,Meal Plan 1,0,Room_Type 1,69,Offline,120,0,Canceled
2,0,0,3,Meal Plan 2,0,Room_Type 1,36,Offline,112,0,Not_Canceled
2,0,0,4,Meal Plan 1,0,Room_Type 1,279,Online,73.95,0,Canceled
2,0,1,2,Meal Plan 1,0,Room_Type 1,3,Corporate,120,0,Canceled
2,0,0,2,Meal Plan 1,0,Room_Type 1,68,Offline,65,0,Not_Canceled
2,0,0,2,Meal Plan 1,0,Room_Type 1,86,Offline,105,0,Not_Canceled
2,0,0,2,Meal Plan 1,0,Room_Type 1,69,Online,105.3,0,Canceled
2,0,0,2,Meal Plan 2,0,Room_Type 1,292,Online,115,0,Canceled
2,0,0,2,Meal Plan 1,0,Room_Type 1,64,Corporate,140,0,Canceled
2,0,0,3,Meal Plan 1,0,Room_Type 1,213,Offline,130,0,Canceled
2,0,1,1,Meal Plan 1,0,Room_Type 1,1,Online,77.77,1,Not_Canceled
2,0,2,1,Meal Plan 1,0,Room_Type 1,12,Online,95.48,1,Not_Canceled
2,0,1,2,Meal Plan 1,0,Room_Type 2,81,Online,66.37,2,Not_Canceled
2,0,1,4,Meal Plan 1,0,Room_Type 1,148,Offline,67,0,Not_Canceled
1,0,0,2,Meal Plan 1,0,Room_Type 1,151,Offline,70,0,Not_Canceled
2,1,0,2,Meal Plan 1,0,Room_Type 1,45,Online,134.1,1,Not_Canceled
2,1,2,2,Meal Plan 1,0,Room_Type 1,122,Online,113.78,1,Canceled
2,0,1,4,Meal Plan 1,0,Room_Type 1,275,Offline,90,0,Canceled
2,1,0,5,Meal Plan 2,0,Room_Type 1,21,Online,115.55,3,Not_Canceled
2,0,0,2,Meal Plan 2,0,Room_Type 1,265,Offline,115,1,Canceled
2,0,2,2,Meal Plan 1,0,Room_Type 1,141,Online,104.55,1,Not_Canceled
2,0,1,1,Meal Plan 1,0,Room_Type 5,19,Online,151.2,0,Not_Canceled
2,0,0,2,Meal Plan 1,0,Room_Type 1,193,Online,126.9,0,Canceled
2,1,1,1,Meal Plan 1,0,Room_Type 5,8,Offline,173.8,0,Not_Canceled
2,0,2,3,Meal Plan 1,0,Room_Type 1,2,Online,103,1,Not_Canceled
2,0,1,0,Meal Plan 1,0,Room_Type 1,8,Online,101,1,Not_Canceled
2,1,0,1,Meal Plan 1,1,Room_Type 4,1,Online,155,2,Not_Canceled
2,0,2,1,Meal Plan 1,0,Room_Type 4,42,Online,118.8,0,Not_Canceled
1,0,0,1,Meal Plan 1,0,Room_Type 1,0,Corporate,89,0,Not_Canceled
2,2,2,4,Meal Plan 1,0,Room_Type 6,22,Online,224,1,Not_Canceled
2,0,0,4,Meal Plan 1,0,Room_Type 5,112,Offline,92.65,2,Not_Canceled
2,0,1,3,Not Selected,0,Room_Type 1,70,Online,89.25,0,Canceled
1,0,0,3,Meal Plan 1,0,Room_Type 1,19,Offline,80,0,Not_Canceled
2,0,0,2,Meal Plan 2,0,Room_Type 1,102,Offline,109,0,Not_Canceled
2,0,2,3,Meal Plan 1,0,Room_Type 4,45,Online,96.9,2,Not_Canceled
1,0,0,1,Meal Plan 1,0,Room_Type 1,0,Aviation,79,0,Not_Canceled
3,0,0,2,Meal Plan 1,0,Room_Type 4,41,Online,159.3,0,Canceled
2,0,1,1,Not Selected,0,Room_Type 1,24,Online,139,1,Not_Canceled
2,1,0,3,Meal Plan 1,0,Room_Type 1,81,Online,143.1,2,Not_Canceled
2,0,2,2,Meal Plan 1,0,Room_Type 1,60,Online,108.9,1,Canceled
2,0,1,3,Meal Plan 1,0,Room_Type 1,58,Online,99.45,0,Not_Canceled
3,0,1,2,Meal Plan 1,0,Room_Type 4,229,Online,128.7,0,Canceled
2,0,2,4,Not Selected,0,Room_Type 1,332,Online,63.75,3,Not_Canceled
2,0,0,3,Not Selected,0,Room_Type 1,99,Online,103.5,1,Not_Canceled
1,0,0,1,Meal Plan 1,0,Room_Type 1,2,Corporate,66,0,Not_Canceled
2,0,0,4,Not Selected,0,Room_Type 1,59,Online,99.85,0,Canceled
2,0,1,3,Meal Plan 1,0,Room_Type 1,83,Online,105.3,2,Not_Canceled
3,0,0,2,Meal Plan 1,0,Room_Type 4,29,Online,201.25,3,Not_Canceled
1,0,2,4,Meal Plan 1,0,Room_Type 1,69,Offline,120,0,Canceled
0,2,2,2,Meal Plan 1,0,Room_Type 2,62,Online,96.23,0,Canceled
2,0,1,2,Not Selected,0,Room_Type 1,69,Offline,85,0,Not_Canceled
1,0,0,3,Meal Plan 1,0,Room_Type 1,71,Offline,120,0,Not_Canceled
2,0,2,1,Meal Plan 1,0,Room_Type 1,118,Online,87.3,1,Canceled
2,0,1,0,Meal Plan 1,0,Room_Type 1,22,Online,105,0,Not_Canceled
2,0,0,3,Meal Plan 1,0,Room_Type 4,148,Offline,88.12,0,Not_Canceled
2,0,2,0,Meal Plan 1,0,Room_Type 1,212,Online,81.77,0,Canceled
2,0,2,2,Meal Plan 1,1,Room_Type 1,169,Online,118.25,2,Canceled
2,0,1,4,Meal Plan 1,0,Room_Type 1,37,Online,94.18,2,Not_Canceled
2,0,1,0,Meal Plan 1,0,Room_Type 1,92,Online,96.3,0,Canceled
2,0,0,1,Meal Plan 1,0,Room_Type 1,118,Offline,63.75,0,Canceled
1,0,0,3,Meal Plan 1,0,Room_Type 1,4,Corporate,65,0,Not_Canceled
2,0,0,1,Not Selected,0,Room_Type 1,1,Online,89,1,Not_Canceled
2,0,1,1,Meal Plan 2,0,Room_Type 1,117,Online,127.8,1,Canceled
2,0,1,1,Not Selected,0,Room_Type 1,8,Online,80.75,1,Not_Canceled
2,0,1,0,Meal Plan 1,0,Room_Type 1,5,Online,167,0,Canceled
2,0,1,2,Meal Plan 1,1,Room_Type 4,46,Online,98.3,1,Not_Canceled
1,0,0,3,Meal Plan 1,0,Room_Type 1,119,Offline,110,0,Not_Canceled
2,0,2,4,Meal Plan 1,0,Room_Type 4,63,Online,111.6,1,Not_Canceled
2,0,2,2,Not Selected,0,Room_Type 1,158,Online,89.25,0,Canceled
2,0,2,1,Meal Plan 1,0,Room_Type 4,64,Online,143.4,1,Canceled
2,0,1,3,Meal Plan 1,0,Room_Type 1,25,Offline,87,0,Not_Canceled
1,0,0,2,Meal Plan 1,0,Room_Type 1,4,Corporate,40,0,Not_Canceled
2,0,0,2,Not Selected,0,Room_Type 1,15,Online,79,0,Canceled
2,0,0,3,Meal Plan 1,0,Room_Type 1,183,Online,93.5,1,Canceled
2,0,2,2,Not Selected,0,Room_Type 1,199,Online,74.8,1,Canceled
2,0,1,2,Meal Plan 1,0,Room_Type 1,78,Online,100,0,Canceled
1,0,2,1,Meal Plan 1,0,Room_Type 1,1,Offline,60,0,Canceled
2,0,1,3,Meal Plan 1,0,Room_Type 1,196,Offline,80.75,1,Not_Canceled
2,0,0,1,Not Selected,0,Room_Type 1,42,Online,88.2,0,Not_Canceled
2,0,2,2,Meal Plan 1,0,Room_Type 1,209,Online,89.2,0,Canceled
3,0,1,0,Meal Plan 2,0,Room_Type 4,21,Online,210.6,0,Canceled
3,0,0,1,Meal Plan 1,0,Room_Type 4,171,Online,128.7,2,Canceled
2,2,1,1,Meal Plan 1,0,Room_Type 6,35,Online,179.01,0,Canceled
2,0,2,6,Meal Plan 2,0,Room_Type 1,107,Online,140.25,1,Not_Canceled
3,0,1,2,Meal Plan 1,0,Room_Type 4,169,Online,137.7,1,Canceled
2,0,2,2,Not Selected,0,Room_Type 1,9,Online,140,1,Canceled
2,0,0,3,Meal Plan 1,0,Room_Type 1,308,Online,78.3,2,Canceled
2,0,3,5,Meal Plan 1,0,Room_Type 4,5,Online,126.75,0,Canceled
1,0,2,3,Meal Plan 1,0,Room_Type 1,115,Online,68,2,Canceled
2,0,1,0,Meal Plan 1,1,Room_Type 7,2,Complementary,0,1,Not_Canceled
1,0,0,3,Meal Plan 1,0,Room_Type 1,71,Offline,120,0,Not_Canceled
2,0,0,4,Meal Plan 1,0,Room_Type 1,74,Online,88.4,2,Canceled
1,0,0,2,Meal Plan 2,0,Room_Type 1,257,Offline,80,0,Not_Canceled
2,0,0,2,Meal Plan 1,0,Room_Type 1,211,Offline,100,0,Canceled
2,0,0,4,Meal Plan 1,0,Room_Type 1,80,Online,88.4,1,Not_Canceled
2,0,0,1,Meal Plan 1,0,Room_Type 1,2,Online,101,1,Not_Canceled
2,0,2,2,Meal Plan 1,0,Room_Type 1,57,Online,88.4,1,Not_Canceled
1,0,2,2,Meal Plan 1,0,Room_Type 1,91,Online,70.14,0,Not_Canceled
2,0,0,1,Meal Plan 1,0,Room_Type 1,105,Online,75,0,Canceled
3,0,2,2,Meal Plan 1,0,Room_Type 4,33,Online,154.8,1,Not_Canceled
1,0,0,3,Meal Plan 1,0,Room_Type 1,276,Offline,95.67,0,Not_Canceled
2,0,2,1,Meal Plan 1,0,Room_Type 1,41,Online,65.02,0,Not_Canceled
1,0,1,2,Meal Plan 1,0,Room_Type 1,91,Offline,75,0,Not_Canceled
2,0,2,3,Meal Plan 1,0,Room_Type 1,81,Online,89.25,2,Not_Canceled
2,0,2,1,Meal Plan 2,0,Room_Type 1,117,Offline,94.5,0,Not_Canceled
2,0,0,1,Not Selected,0,Room_Type 1,4,Online,69.5,0,Not_Canceled
2,0,0,3,Meal Plan 1,0,Room_Type 1,43,Offline,60,0,Not_Canceled
2,0,2,1,Meal Plan 1,0,Room_Type 1,48,Online,115.5,2,Not_Canceled
2,0,2,3,Meal Plan 1,0,Room_Type 4,170,Online,112.2,1,Canceled
2,0,0,3,Meal Plan 2,0,Room_Type 1,34,Online,224.67,0,Canceled
2,0,2,1,Meal Plan 2,0,Room_Type 1,131,Offline,94.5,0,Not_Canceled
2,0,0,3,Meal Plan 1,0,Room_Type 4,3,Online,163.67,0,Canceled
1,0,1,4,Meal Plan 1,0,Room_Type 1,191,Online,86.75,0,Canceled
1,0,0,2,Meal Plan 1,0,Room_Type 1,181,Offline,120,0,Canceled
1,0,2,1,Meal Plan 1,0,Room_Type 1,93,Online,115,0,Canceled
2,0,0,3,Meal Plan 1,0,Room_Type 1,259,Offline,90,0,Canceled
2,0,0,2,Meal Plan 1,0,Room_Type 4,15,Online,88.8,0,Canceled
2,0,1,3,Not Selected,0,Room_Type 1,63,Online,63.75,1,Not_Canceled
1,0,0,3,Meal Plan 1,0,Room_Type 1,159,Online,119.85,1,Canceled
2,0,2,5,Meal Plan 1,0,Room_Type 1,278,Online,73.95,0,Canceled
2,0,2,4,Not Selected,0,Room_Type 1,133,Online,74.8,2,Canceled
2,0,3,6,Not Selected,0,Room_Type 1,314,Online,68.66,0,Canceled
2,0,0,2,Meal Plan 1,0,Room_Type 1,49,Offline,85.5,0,Not_Canceled
2,0,2,1,Meal Plan 1,0,Room_Type 1,216,Online,96.3,2,Not_Canceled
2,0,0,1,Not Selected,0,Room_Type 1,3,Online,139,1,Not_Canceled
2,0,0,1,Meal Plan 1,0,Room_Type 1,182,Online,96.3,2,Canceled
2,0,1,2,Meal Plan 2,0,Room_Type 1,57,Online,127.8,0,Canceled
1,0,0,2,Meal Plan 1,0,Room_Type 1,188,Offline,130,0,Canceled
2,0,1,3,Meal Plan 1,0,Room_Type 1,50,Online,72.75,1,Not_Canceled
2,0,2,3,Meal Plan 1,0,Room_Type 1,39,Online,114.41,2,Not_Canceled
2,0,2,3,Meal Plan 1,0,Room_Type 1,182,Online,70.44,2,Not_Canceled
2,0,1,0,Meal Plan 1,0,Room_Type 1,16,Online,121,1,Not_Canceled
2,0,0,3,Meal Plan 1,0,Room_Type 1,109,Online,129.6,0,Canceled
2,0,1,3,Meal Plan 1,1,Room_Type 1,151,Online,110.58,1,Canceled
2,0,0,1,Not Selected,0,Room_Type 1,0,Online,79,0,Not_Canceled
2,0,1,2,Meal Plan 1,0,Room_Type 1,69,Online,126.9,1,Not_Canceled
2,0,0,4,Meal Plan 1,0,Room_Type 1,79,Online,88.4,1,Not_Canceled
2,0,2,1,Meal Plan 2,0,Room_Type 1,5,Offline,47.25,0,Not_Canceled
2,0,2,5,Meal Plan 1,0,Room_Type 4,167,Online,104.4,1,Canceled
2,0,2,3,Not Selected,0,Room_Type 1,95,Offline,59.5,0,Not_Canceled
2,0,0,2,Meal Plan 1,0,Room_Type 1,94,Online,72.25,1,Not_Canceled
2,0,0,2,Meal Plan 1,0,Room_Type 1,28,Corporate,109,0,Not_Canceled
2,0,1,0,Meal Plan 1,0,Room_Type 1,14,Online,94.35,0,Canceled
2,0,1,4,Meal Plan 1,0,Room_Type 4,71,Online,63.49,1,Not_Canceled
2,0,2,2,Not Selected,0,Room_Type 1,44,Online,74.8,1,Not_Canceled
2,0,1,4,Meal Plan 1,0,Room_Type 1,88,Offline,80.75,0,Canceled
1,0,1,0,Not Selected,0,Room_Type 1,131,Online,108,0,Canceled
2,0,0,1,Meal Plan 1,0,Room_Type 1,11,Online,130,1,Canceled
2,0,2,4,Not Selected,0,Room_Type 1,15,Online,88,0,Canceled
2,0,1,2,Meal Plan 2,0,Room_Type 1,161,Offline,130,0,Canceled
2,0,0,3,Meal Plan 2,0,Room_Type 1,34,Offline,224.67,0,Canceled
2,0,1,3,Not Selected,0,Room_Type 1,5,Online,69.1,0,Not_Canceled
2,0,0,1,Not Selected,0,Room_Type 1,5,Online,119,0,Not_Canceled
2,0,2,1,Meal Plan 1,0,Room_Type 1,41,Offline,85.5,0,Not_Canceled
2,0,0,4,Meal Plan 2,0,Room_Type 1,296,Offline,117,0,Canceled
2,1,2,3,Meal Plan 1,0,Room_Type 1,56,Online,115.09,2,Not_Canceled
2,0,0,2,Meal Plan 2,0,Room_Type 1,102,Offline,109,0,Not_Canceled
2,0,0,2,Meal Plan 1,0,Room_Type 1,2,Online,141,0,Not_Canceled
2,0,2,3,Meal Plan 1,0,Room_Type 1,283,Online,69.38,1,Not_Canceled
2,0,0,2,Not Selected,0,Room_Type 1,14,Online,80,1,Not_Canceled
2,0,0,3,Not Selected,0,Room_Type 1,124,Online,94.5,1,Canceled
2,0,0,3,Meal Plan 1,0,Room_Type 1,433,Offline,70,0,Canceled
2,0,2,1,Meal Plan 2,0,Room_Type 1,124,Offline,94.5,0,Canceled
1,0,1,1,Meal Plan 1,1,Room_Type 1,20,Corporate,79,1,Not_Canceled
2,0,1,4,Meal Plan 1,0,Room_Type 2,111,Online,76.97,0,Not_Canceled
2,0,0,1,Not Selected,0,Room_Type 1,92,Online,76.5,1,Not_Canceled
2,0,2,1,Meal Plan 1,0,Room_Type 1,104,Online,126.9,1,Not_Canceled
1,0,0,2,Meal Plan 1,0,Room_Type 1,32,Offline,73,0,Not_Canceled
2,0,2,3,Meal Plan 1,0,Room_Type 1,256,Online,100.75,0,Canceled
2,0,0,3,Meal Plan 2,0,Room_Type 1,34,Offline,224.67,0,Canceled
2,0,2,2,Meal Plan 1,0,Room_Type 1,81,Offline,65,0,Canceled
2,0,2,2,Not Selected,0,Room_Type 1,0,Online,78.42,0,Not_Canceled
2,0,0,3,Not Selected,0,Room_Type 1,88,Online,134.1,1,Not_Canceled
2,0,1,2,Meal Plan 1,0,Room_Type 1,267,Offline,95,0,Canceled
0,2,2,5,Meal Plan 1,0,Room_Type 2,255,Online,72,0,Canceled
2,0,0,1,Meal Plan 1,0,Room_Type 2,238,Online,96.48,2,Canceled
2,2,2,3,Meal Plan 1,0,Room_Type 6,59,Online,147.9,0,Canceled
2,0,0,2,Meal Plan 2,0,Room_Type 1,39,Offline,101.5,0,Not_Canceled
2,0,1,2,Meal Plan 1,0,Room_Type 1,78,Online,100,0,Canceled
2,0,1,2,Meal Plan 1,0,Room_Type 1,159,Offline,144,0,Canceled
2,0,0,3,Meal Plan 1,0,Room_Type 4,106,Online,131.4,2,Not_Canceled
2,0,0,2,Meal Plan 2,0,Room_Type 1,256,Online,124,1,Canceled
2,0,0,1,Not Selected,1,Room_Type 1,5,Online,127,2,Not_Canceled
1,0,1,0,Meal Plan 1,0,Room_Type 1,141,Offline,80,0,Not_Canceled
1,0,0,1,Meal Plan 1,0,Room_Type 1,0,Online,135,1,Not_Canceled
2,0,2,1,Meal Plan 1,0,Room_Type 1,275,Online,106.2,0,Canceled
2,0,0,1,Meal Plan 1,0,Room_Type 1,50,Online,90.9,0,Not_Canceled
2,0,0,2,Meal Plan 1,0,Room_Type 1,105,Online,62.86,0,Not_Canceled
2,0,1,4,Meal Plan 1,0,Room_Type 1,275,Offline,90,0,Canceled
2,0,0,2,Meal Plan 1,0,Room_Type 1,4,Online,87,1,Not_Canceled
1,0,0,3,Meal Plan 1,0,Room_Type 1,71,Offline,120,0,Not_Canceled
1,0,1,0,Not Selected,0,Room_Type 1,12,Online,129,0,Canceled
1,0,2,1,Meal Plan 1,0,Room_Type 1,1,Offline,60,0,Canceled
2,0,1,2,Not Selected,0,Room_Type 1,56,Online,107.1,1,Not_Canceled
2,0,0,3,Meal Plan 1,0,Room_Type 1,41,Offline,85,0,Not_Canceled
2,0,0,3,Meal Plan 1,0,Room_Type 1,213,Offline,130,0,Canceled
2,0,0,2,Meal Plan 1,0,Room_Type 1,86,Corporate,100,0,Canceled
2,0,0,2,Meal Plan 1,0,Room_Type 1,21,Online,76,0,Not_Canceled
2,0,0,3,Meal Plan 1,0,Room_Type 1,213,Offline,130,0,Canceled
2,0,1,2,Meal Plan 1,1,Room_Type 1,0,Online,115,0,Not_Canceled
2,0,0,4,Not Selected,0,Room_Type 1,177,Online,82.88,0,Canceled
2,0,1,0,Not Selected,0,Room_Type 1,4,Online,114.73,2,Not_Canceled
2,0,0,1,Meal Plan 1,0,Room_Type 1,87,Online,74.15,0,Canceled
1,0,0,1,Meal Plan 1,0,Room_Type 1,0,Complementary,0,0,Not_Canceled
2,0,0,2,Not Selected,0,Room_Type 1,173,Online,85.5,0,Canceled
2,0,2,2,Meal Plan 1,0,Room_Type 4,17,Online,121.75,1,Not_Canceled
2,0,0,1,Not Selected,0,Room_Type 1,131,Online,103.5,1,Not_Canceled
1,0,0,2,Meal Plan 2,0,Room_Type 1,74,Offline,87,0,Not_Canceled
3,0,2,1,Meal Plan 1,0,Room_Type 1,209,Online,127.8,2,Canceled
1,0,1,2,Not Selected,0,Room_Type 1,12,Online,134.75,1,Not_Canceled
1,0,0,2,Meal Plan 2,0,Room_Type 1,292,Offline,90,0,Not_Canceled
2,0,0,1,Not Selected,0,Room_Type 1,95,Online,65.83,1,Not_Canceled
1,0,1,2,Meal Plan 1,0,Room_Type 1,219,Offline,76.67,0,Not_Canceled
1,0,0,2,Meal Plan 1,0,Room_Type 1,58,Offline,81,0,Not_Canceled
2,0,2,1,Meal Plan 1,0,Room_Type 1,45,Online,93.6,1,Not_Canceled
2,0,1,4,Meal Plan 2,0,Room_Type 1,187,Online,152.15,2,Canceled
2,0,2,2,Meal Plan 1,0,Room_Type 4,71,Online,132.6,0,Canceled
2,0,0,1,Meal Plan 1,0,Room_Type 1,180,Offline,70,0,Canceled
2,1,1,3,Meal Plan 1,0,Room_Type 4,38,Online,118.8,0,Canceled
2,0,0,1,Meal Plan 2,0,Room_Type 1,55,Offline,104,0,Not_Canceled
2,0,2,3,Not Selected,0,Room_Type 1,117,Online,105.74,1,Not_Canceled
2,2,2,4,Meal Plan 1,0,Room_Type 6,62,Online,207.9,1,Not_Canceled
1,1,2,2,Meal Plan 1,0,Room_Type 1,68,Offline,79.56,0,Canceled
1,0,0,2,Meal Plan 1,0,Room_Type 4,123,Online,117.3,1,Not_Canceled
2,0,0,2,Meal Plan 1,0,Room_Type 4,39,Online,149.4,0,Canceled
3,0,2,0,Meal Plan 1,0,Room_Type 4,171,Online,123.3,1,Canceled
2,0,1,0,Not Selected,0,Room_Type 1,1,Online,98,0,Not_Canceled
1,0,0,2,Meal Plan 1,0,Room_Type 1,3,Offline,95,0,Not_Canceled
1,0,1,0,Meal Plan 1,0,Room_Type 1,3,Corporate,65,1,Not_Canceled
1,0,0,1,Meal Plan 1,0,Room_Type 1,9,Online,97.02,1,Not_Canceled
2,1,2,1,Meal Plan 1,0,Room_Type 4,125,Online,101.49,2,Not_Canceled
2,0,1,1,Not Selected,0,Room_Type 1,268,Online,95.4,0,Canceled
3,0,0,3,Meal Plan 1,0,Room_Type 1,6,Online,137,0,Canceled
2,0,1,0,Meal Plan 1,0,Room_Type 4,120,Online,140.4,0,Canceled
2,1,1,3,Meal Plan 2,0,Room_Type 1,100,Online,132.08,0,Not_Canceled
2,0,0,2,Meal Plan 1,0,Room_Type 1,27,Offline,108,0,Not_Canceled
2,0,0,1,Meal Plan 1,0,Room_Type 1,4,Online,121.6,0,Canceled
2,0,2,2,Meal Plan 1,0,Room_Type 4,55,Online,126.9,1,Not_Canceled
2,0,0,2,Not Selected,0,Room_Type 1,18,Online,129,0,Not_Canceled
2,0,0,3,Meal Plan 1,0,Room_Type 1,279,Offline,110,0,Canceled
2,1,0,1,Meal Plan 1,0,Room_Type 4,79,Online,126,2,Not_Canceled
2,0,1,0,Meal Plan 1,0,Room_Type 4,0,Online,97,0,Not_Canceled
2,0,0,5,Meal Plan 1,0,Room_Type 4,128,Online,132.3,0,Canceled
2,0,0,2,Not Selected,0,Room_Type 1,29,Offline,67.5,0,Not_Canceled
2,0,1,3,Meal Plan 1,0,Room_Type 1,51,Online,75.95,1,Not_Canceled
2,0,2,5,Meal Plan 1,0,Room_Type 1,103,Online,83.66,1,Canceled
1,0,0,3,Meal Plan 1,0,Room_Type 4,11,Corporate,90,0,Not_Canceled
1,0,0,3,Meal Plan 1,0,Room_Type 1,19,Offline,80,0,Not_Canceled
2,0,0,2,Meal Plan 2,0,Room_Type 1,39,Offline,109,0,Not_Canceled
3,0,2,1,Meal Plan 1,0,Room_Type 4,116,Offline,96.56,0,Canceled
1,0,1,2,Meal Plan 1,0,Room_Type 1,219,Offline,76.67,0,Not_Canceled
2,0,2,5,Meal Plan 2,0,Room_Type 1,5,Offline,100,1,Not_Canceled
2,0,1,1,Meal Plan 1,0,Room_Type 1,30,Online,117.9,0,Canceled
2,0,1,1,Meal Plan 1,0,Room_Type 1,275,Offline,62.8,0,Canceled
1,0,1,4,Meal Plan 1,0,Room_Type 1,89,Online,68,1,Canceled
2,0,0,1,Meal Plan 1,0,Room_Type 1,21,Offline,95,0,Not_Canceled
2,0,0,1,Meal Plan 1,0,Room_Type 1,216,Online,96.3,1,Canceled
2,0,0,2,Meal Plan 1,0,Room_Type 1,317,Online,120,0,Canceled
2,0,1,4,Meal Plan 1,0,Room_Type 1,74,Online,88.4,3,Not_Canceled
2,0,0,3,Meal Plan 1,0,Room_Type 1,35,Offline,85,0,Not_Canceled
2,0,2,1,Not Selected,0,Room_Type 1,46,Online,79.2,0,Not_Canceled
2,0,1,1,Meal Plan 1,0,Room_Type 1,130,Online,118.8,1,Canceled
2,0,0,1,Not Selected,0,Room_Type 1,50,Online,89.1,0,Canceled
2,0,1,2,Meal Plan 1,0,Room_Type 1,273,Offline,95,0,Canceled
2,0,0,4,Not Selected,0,Room_Type 1,78,Online,62.18,0,Canceled
3,0,0,4,Meal Plan 1,0,Room_Type 4,19,Online,187,0,Not_Canceled
3,0,2,1,Meal Plan 2,0,Room_Type 1,3,Offline,138.5,1,Not_Canceled
3,0,1,3,Meal Plan 1,0,Room_Type 4,134,Online,115.6,2,Canceled
2,0,1,3,Not Selected,0,Room_Type 1,213,Online,80.75,0,Canceled
1,0,2,4,Meal Plan 1,0,Room_Type 1,245,Online,110,0,Canceled
1,0,0,1,Meal Plan 1,1,Room_Type 1,2,Corporate,67,1,Not_Canceled
1,0,1,2,Meal Plan 1,0,Room_Type 1,57,Offline,75.33,1,Not_Canceled
2,0,2,2,Meal Plan 1,0,Room_Type 1,16,Online,89.89,1,Not_Canceled
2,0,2,2,Meal Plan 1,0,Room_Type 1,80,Online,135.9,0,Not_Canceled
2,0,1,1,Meal Plan 1,0,Room_Type 1,275,Offline,62.8,0,Canceled
2,0,0,3,Meal Plan 1,0,Room_Type 1,52,Online,126.9,0,Canceled
2,0,2,3,Meal Plan 1,0,Room_Type 1,86,Online,95.85,1,Not_Canceled
2,0,0,5,Meal Plan 1,0,Room_Type 1,116,Online,109.25,1,Not_Canceled
3,0,0,3,Meal Plan 1,0,Room_Type 4,66,Online,150.3,0,Canceled
2,0,0,3,Meal Plan 1,0,Room_Type 1,213,Offline,130,0,Canceled
3,0,2,5,Meal Plan 1,0,Room_Type 4,84,Online,151.59,1,Not_Canceled
2,0,0,1,Meal Plan 1,0,Room_Type 1,2,Online,91,1,Not_Canceled
1,0,0,3,Meal Plan 1,0,Room_Type 1,163,Offline,100.8,0,Canceled
2,1,0,1,Meal Plan 1,0,Room_Type 1,11,Online,150,1,Canceled
2,0,1,2,Meal Plan 1,0,Room_Type 4,189,Online,109.8,0,Canceled
2,0,0,2,Meal Plan 1,0,Room_Type 1,317,Offline,120,0,Canceled
1,0,0,2,Meal Plan 1,0,Room_Type 1,188,Offline,130,0,Canceled
2,2,0,4,Meal Plan 1,0,Room_Type 6,33,Online,159.75,2,Canceled
1,0,0,2,Meal Plan 1,0,Room_Type 1,96,Online,68,1,Canceled
1,0,1,1,Meal Plan 2,0,Room_Type 1,301,Offline,90,0,Not_Canceled
2,0,0,1,Meal Plan 1,0,Room_Type 1,105,Offline,75,0,Canceled
1,0,0,1,Meal Plan 1,0,Room_Type 1,11,Online,103,2,Not_Canceled
2,0,1,5,Meal Plan 1,0,Room_Type 4,184,Online,115.32,1,Canceled
2,0,2,3,Meal Plan 1,0,Room_Type 1,58,Online,121.56,0,Not_Canceled
1,0,0,2,Meal Plan 1,0,Room_Type 1,35,Online,76.5,1,Not_Canceled
2,0,2,3,Meal Plan 1,0,Room_Type 1,159,Online,130.14,2,Canceled
2,2,0,3,Meal Plan 1,0,Room_Type 7,1,Online,209.1,2,Not_Canceled
2,0,1,1,Meal Plan 2,0,Room_Type 1,247,Offline,109,0,Canceled
2,0,1,2,Meal Plan 1,0,Room_Type 1,0,Online,90,0,Canceled
2,0,1,3,Not Selected,0,Room_Type 1,240,Online,80.75,0,Canceled
2,0,2,3,Meal Plan 1,0,Room_Type 2,284,Online,81.82,0,Canceled
2,0,1,1,Meal Plan 1,0,Room_Type 4,49,Online,135.9,1,Not_Canceled
2,0,1,0,Not Selected,0,Room_Type 1,0,Online,62.73,0,Not_Canceled
2,1,0,1,Meal Plan 1,0,Room_Type 1,62,Online,143.1,0,Canceled
2,0,1,2,Meal Plan 2,0,Room_Type 1,107,Online,124.2,1,Canceled
3,0,0,3,Meal Plan 1,0,Room_Type 4,55,Online,123.3,2,Not_Canceled
2,0,1,1,Meal Plan 1,0,Room_Type 1,221,Offline,71.28,0,Not_Canceled
3,0,1,3,Meal Plan 1,0,Room_Type 4,184,Online,128.7,2,Canceled
1,0,1,3,Meal Plan 1,0,Room_Type 1,118,Offline,110,0,Not_Canceled
2,0,1,2,Meal Plan 2,0,Room_Type 1,418,Offline,107,0,Canceled
2,0,2,3,Meal Plan 2,0,Room_Type 1,137,Online,146.1,2,Not_Canceled
2,0,0,2,Meal Plan 1,0,Room_Type 1,11,Online,69.6,0,Not_Canceled
2,0,0,1,Meal Plan 1,0,Room_Type 1,56,Offline,120,0,Not_Canceled
2,0,1,4,Meal Plan 1,0,Room_Type 7,190,Offline,110,0,Canceled
3,0,2,4,Meal Plan 2,0,Room_Type 4,85,Online,201.6,1,Not_Canceled
1,1,2,0,Meal Plan 1,0,Room_Type 1,0,Online,9,0,Not_Canceled
2,0,0,2,Meal Plan 1,0,Room_Type 1,25,Online,78.3,0,Canceled
2,0,1,3,Not Selected,0,Room_Type 1,263,Online,63.75,0,Canceled
2,0,2,2,Meal Plan 1,0,Room_Type 1,34,Online,95.2,0,Canceled
2,0,1,1,Meal Plan 1,0,Room_Type 1,3,Corporate,120,0,Canceled
1,0,1,3,Meal Plan 1,0,Room_Type 1,118,Offline,110,0,Not_Canceled
2,0,0,2,Meal Plan 2,0,Room_Type 1,265,Offline,115,1,Canceled
2,0,0,2,Meal Plan 2,0,Room_Type 1,286,Online,117,1,Canceled
1,0,0,3,Meal Plan 1,0,Room_Type 1,113,Corporate,100,0,Canceled
1,0,1,2,Meal Plan 1,0,Room_Type 5,227,Corporate,106,0,Canceled
2,0,1,3,Meal Plan 1,0,Room_Type 4,37,Online,95.4,1,Canceled
2,0,2,2,Meal Plan 1,0,Room_Type 4,164,Online,126.9,1,Canceled
2,0,0,2,Meal Plan 1,0,Room_Type 1,101,Offline,95.88,0,Canceled
2,0,0,1,Not Selected,0,Room_Type 1,12,Online,81,0,Not_Canceled
1,0,1,0,Meal Plan 1,0,Room_Type 1,13,Online,95,0,Canceled
2,2,0,1,Meal Plan 1,1,Room_Type 6,30,Online,216.9,1,Not_Canceled
2,0,0,2,Meal Plan 1,0,Room_Type 1,308,Offline,52,0,Canceled
2,0,2,1,Meal Plan 2,0,Room_Type 1,220,Offline,172,0,Canceled
2,2,2,1,Meal Plan 1,1,Room_Type 6,153,Online,186.3,2,Canceled
2,0,2,1,Meal Plan 2,0,Room_Type 1,150,Offline,101,0,Not_Canceled
2,0,2,2,Meal Plan 1,0,Room_Type 1,10,Offline,85,0,Not_Canceled
2,0,0,2,Meal Plan 2,0,Room_Type 1,377,Offline,115,1,Canceled
2,0,0,4,Meal Plan 2,0,Room_Type 1,100,Offline,140,1,Not_Canceled
1,0,2,2,Meal Plan 1,0,Room_Type 1,4,Corporate,98.32,0,Not_Canceled
1,0,2,5,Meal Plan 1,0,Room_Type 1,89,Offline,85,1,Not_Canceled
1,0,2,1,Meal Plan 1,0,Room_Type 1,1,Offline,60,0,Canceled
2,1,1,5,Meal Plan 1,0,Room_Type 1,35,Online,98.1,1,Canceled
2,1,1,2,Meal Plan 1,0,Room_Type 1,52,Online,132.9,0,Canceled
2,0,1,0,Not Selected,0,Room_Type 1,49,Online,93.15,0,Canceled
1,0,0,2,Meal Plan 1,0,Room_Type 1,32,Offline,73,1,Not_Canceled
2,0,0,3,Meal Plan 1,0,Room_Type 1,50,Offline,52,1,Not_Canceled
2,0,1,3,Not Selected,0,Room_Type 1,220,Online,80.75,1,Not_Canceled
2,0,1,2,Meal Plan 1,0,Room_Type 1,43,Online,88.46,1,Not_Canceled
2,2,3,8,Meal Plan 1,0,Room_Type 6,346,Online,146.59,2,Canceled
2,0,1,2,Meal Plan 1,0,Room_Type 1,1,Offline,80.27,0,Not_Canceled
2,0,2,2,Meal Plan 1,0,Room_Type 1,229,Online,89.25,0,Canceled
2,0,0,1,Meal Plan 1,0,Room_Type 1,105,Offline,75,0,Canceled
2,0,2,0,Meal Plan 2,0,Room_Type 1,386,Online,115,1,Canceled
2,2,2,3,Meal Plan 1,0,Room_Type 6,14,Online,199.8,1,Not_Canceled
1,0,0,1,Meal Plan 1,0,Room_Type 1,163,Offline,115,0,Canceled
2,2,0,1,Meal Plan 1,0,Room_Type 6,5,Online,231,2,Not_Canceled
2,0,1,3,Meal Plan 1,0,Room_Type 1,132,Online,101.58,1,Not_Canceled
1,0,1,1,Meal Plan 1,0,Room_Type 1,2,Online,99.5,0,Canceled
1,0,0,1,Meal Plan 1,0,Room_Type 1,99,Corporate,80,0,Not_Canceled
2,0,0,1,Meal Plan 1,0,Room_Type 4,8,Online,184,0,Not_Canceled
1,0,2,1,Meal Plan 2,0,Room_Type 1,220,Offline,128,0,Canceled
2,0,2,2,Meal Plan 1,0,Room_Type 1,297,Online,90.95,0,Canceled
2,0,2,5,Meal Plan 1,0,Room_Type 1,205,Offline,80.24,0,Canceled
2,0,1,1,Meal Plan 2,0,Room_Type 1,247,Online,115,1,Canceled
2,0,2,0,Meal Plan 2,0,Room_Type 1,275,Offline,110,0,Canceled
2,0,0,1,Meal Plan 1,0,Room_Type 1,115,Online,1,0,Not_Canceled
3,0,2,4,Meal Plan 1,0,Room_Type 4,111,Online,150.3,0,Canceled
1,0,0,3,Meal Plan 1,0,Room_Type 1,151,Offline,71,0,Not_Canceled
2,0,1,1,Meal Plan 1,0,Room_Type 1,180,Offline,100,1,Not_Canceled
2,0,1,0,Not Selected,0,Room_Type 1,2,Online,98,2,Not_Canceled
2,0,0,4,Not Selected,0,Room_Type 1,49,Online,74.8,2,Canceled
2,1,2,1,Meal Plan 1,0,Room_Type 1,2,Offline,68.5,0,Canceled
2,0,2,2,Not Selected,0,Room_Type 1,28,Online,132.05,0,Canceled
2,0,0,1,Meal Plan 1,0,Room_Type 4,8,Online,146,0,Canceled
2,0,2,2,Meal Plan 1,0,Room_Type 1,4,Online,91,0,Canceled
1,0,0,1,Meal Plan 1,0,Room_Type 1,99,Corporate,81,0,Not_Canceled
2,0,1,1,Meal Plan 1,0,Room_Type 2,93,Online,81.5,2,Not_Canceled
2,0,2,2,Meal Plan 1,0,Room_Type 1,36,Online,88.4,1,Not_Canceled
2,0,0,2,Meal Plan 2,0,Room_Type 1,320,Online,115,1,Canceled
2,0,1,3,Meal Plan 1,0,Room_Type 2,353,Online,73.74,0,Canceled
2,0,2,2,Not Selected,0,Room_Type 1,186,Online,102.6,2,Canceled
2,0,0,3,Meal Plan 1,0,Room_Type 4,58,Online,139.5,1,Canceled
2,0,0,1,Meal Plan 1,0,Room_Type 2,66,Online,127.38,1,Not_Canceled
2,0,1,1,Not Selected,0,Room_Type 1,96,Online,79.2,2,Not_Canceled
2,0,2,3,Meal Plan 1,0,Room_Type 1,7,Online,89.59,1,Not_Canceled
2,0,2,2,Meal Plan 1,0,Room_Type 1,11,Online,145,1,Not_Canceled
2,0,2,3,Meal Plan 2,0,Room_Type 1,137,Online,117.3,2,Not_Canceled
2,0,0,2,Meal Plan 1,0,Room_Type 4,180,Online,105.3,0,Canceled
2,0,1,1,Meal Plan 1,0,Room_Type 4,267,Online,115.2,0,Canceled
3,0,2,2,Meal Plan 1,0,Room_Type 4,76,Online,142.2,0,Not_Canceled
2,2,2,3,Meal Plan 2,0,Room_Type 6,99,Online,236.52,0,Canceled
3,0,0,3,Meal Plan 2,0,Room_Type 1,8,Offline,156.5,4,Not_Canceled
2,0,1,1,Meal Plan 1,0,Room_Type 4,73,Online,140.4,1,Canceled
2,0,1,3,Meal Plan 1,0,Room_Type 1,0,Offline,12,0,Not_Canceled
3,0,1,0,Meal Plan 1,0,Room_Type 4,71,Online,168.3,0,Not_Canceled
2,2,1,0,Meal Plan 1,0,Room_Type 6,1,Online,153,2,Not_Canceled
1,0,0,1,Meal Plan 1,0,Room_Type 1,2,Offline,75,0,Not_Canceled
3,0,0,2,Meal Plan 1,0,Room_Type 1,30,Offline,98.1,0,Not_Canceled
1,0,0,2,Meal Plan 1,0,Room_Type 1,2,Online,72.2,0,Not_Canceled
1,0,2,3,Meal Plan 1,0,Room_Type 1,6,Online,80,2,Not_Canceled
2,0,0,4,Meal Plan 1,1,Room_Type 1,54,Online,97.4,1,Not_Canceled
3,0,2,2,Meal Plan 1,0,Room_Type 1,186,Offline,96.9,1,Not_Canceled
2,0,1,2,Meal Plan 1,0,Room_Type 1,304,Online,74.15,0,Canceled
2,0,0,1,Meal Plan 1,0,Room_Type 1,99,Online,135.9,1,Canceled
2,0,1,2,Not Selected,1,Room_Type 1,190,Online,103.5,2,Canceled
2,0,1,5,Meal Plan 1,0,Room_Type 1,164,Online,93.5,2,Canceled
2,0,2,1,Meal Plan 2,0,Room_Type 1,138,Offline,94.5,0,Canceled
2,0,0,2,Not Selected,0,Room_Type 1,9,Online,67.5,0,Not_Canceled
1,0,0,2,Meal Plan 2,0,Room_Type 1,102,Offline,80,0,Canceled
2,0,2,1,Meal Plan 2,0,Room_Type 1,124,Offline,94.5,0,Not_Canceled
2,0,2,2,Not Selected,0,Room_Type 1,213,Online,92.65,0,Canceled
2,0,1,3,Not Selected,0,Room_Type 1,57,Online,88.4,0,Canceled
2,0,1,1,Meal Plan 1,0,Room_Type 1,143,Online,114.3,0,Canceled
1,0,0,3,Meal Plan 1,0,Room_Type 1,166,Online,110,0,Canceled
2,0,0,1,Meal Plan 1,0,Room_Type 2,11,Online,127.6,1,Not_Canceled
2,0,1,3,Meal Plan 1,0,Room_Type 1,3,Corporate,99,0,Canceled
1,0,0,1,Meal Plan 1,0,Room_Type 4,64,Online,149.4,0,Canceled
2,0,1,2,Meal Plan 1,0,Room_Type 1,43,Online,126.9,0,Canceled
2,0,0,4,Meal Plan 2,0,Room_Type 1,296,Offline,117,1,Canceled
2,0,2,1,Meal Plan 1,0,Room_Type 2,223,Online,86.63,0,Canceled
2,0,0,2,Meal Plan 1,0,Room_Type 1,140,Online,96.3,0,Canceled
2,0,1,3,Meal Plan 1,0,Room_Type 1,193,Online,149.81,1,Canceled
2,0,0,4,Meal Plan 1,0,Room_Type 1,270,Offline,62.8,0,Canceled
2,0,0,2,Meal Plan 1,0,Room_Type 1,97,Online,140.5,1,Not_Canceled
2,0,1,2,Meal Plan 1,0,Room_Type 1,273,Online,95,0,Canceled
2,0,0,2,Meal Plan 1,0,Room_Type 1,20,Online,122,1,Canceled
2,0,2,5,Meal Plan 1,0,Room_Type 4,6,Offline,80.2,0,Not_Canceled
2,2,0,1,Meal Plan 1,0,Room_Type 6,131,Online,177.3,0,Canceled
1,0,0,2,Meal Plan 1,0,Room_Type 1,164,Offline,100,0,Not_Canceled
3,0,2,0,Meal Plan 1,0,Room_Type 1,47,Offline,98.1,2,Not_Canceled
1,0,1,0,Meal Plan 1,0,Room_Type 1,4,Online,120,3,Not_Canceled
2,1,0,3,Meal Plan 1,0,Room_Type 1,93,Online,149.1,2,Canceled
2,0,0,1,Not Selected,1,Room_Type 1,0,Online,161,1,Not_Canceled
1,0,0,1,Meal Plan 1,0,Room_Type 1,2,Corporate,88,0,Canceled
2,0,0,3,Meal Plan 1,0,Room_Type 1,197,Online,106.2,2,Canceled
2,0,2,1,Meal Plan 2,0,Room_Type 1,220,Offline,172,0,Canceled
1,0,2,3,Meal Plan 2,0,Room_Type 1,3,Offline,79.75,0,Not_Canceled
2,2,2,1,Meal Plan 1,0,Room_Type 6,153,Online,189.9,0,Canceled
2,0,1,2,Meal Plan 1,0,Room_Type 4,24,Online,109.33,1,Canceled
2,0,1,2,Meal Plan 1,0,Room_Type 1,84,Online,89.25,2,Not_Canceled
2,0,1,2,Meal Plan 1,0,Room_Type 1,171,Online,126.9,0,Canceled
2,0,0,2,Meal Plan 1,0,Room_Type 4,8,Online,156,0,Canceled
2,0,2,1,Meal Plan 1,0,Room_Type 1,172,Online,96.3,2,Not_Canceled
2,0,1,3,Meal Plan 1,0,Room_Type 1,75,Offline,80,0,Canceled
2,0,0,3,Meal Plan 1,0,Room_Type 1,70,Offline,80.75,0,Not_Canceled
1,0,1,3,Meal Plan 1,0,Room_Type 1,60,Online,74.8,0,Canceled
2,1,0,2,Meal Plan 1,0,Room_Type 4,11,Online,182.75,1,Canceled
3,0,0,3,Meal Plan 1,0,Room_Type 1,133,Online,137.7,2,Not_Canceled
2,0,0,1,Not Selected,0,Room_Type 1,18,Online,129,1,Not_Canceled
2,0,0,2,Meal Plan 2,0,Room_Type 1,256,Offline,115,1,Canceled
2,0,1,4,Meal Plan 1,0,Room_Type 1,5,Online,90,0,Canceled
2,0,1,0,Not Selected,0,Room_Type 1,49,Online,93.15,0,Canceled
2,0,0,1,Not Selected,0,Room_Type 1,2,Online,89,0,Not_Canceled
2,0,0,2,Meal Plan 1,0,Room_Type 1,29,Corporate,85,0,Not_Canceled
2,0,0,4,Meal Plan 1,0,Room_Type 1,6,Online,106,2,Not_Canceled
2,0,2,0,Meal Plan 1,0,Room_Type 1,61,Offline,91,0,Not_Canceled
2,2,2,2,Meal Plan 1,0,Room_Type 6,144,Online,177.65,1,Canceled
2,0,3,5,Meal Plan 1,0,Room_Type 1,224,Online,72.76,0,Canceled
2,0,2,3,Meal Plan 2,0,Room_Type 4,39,Online,136.08,1,Not_Canceled
3,0,2,2,Meal Plan 1,0,Room_Type 4,93,Online,119,1,Not_Canceled
2,0,0,3,Meal Plan 1,0,Room_Type 4,63,Online,149.4,1,Canceled
1,0,2,2,Meal Plan 1,0,Room_Type 1,162,Offline,115,0,Canceled
2,0,0,1,Not Selected,0,Room_Type 1,81,Online,116.1,0,Canceled
2,0,0,2,Meal Plan 2,0,Room_Type 1,320,Online,115,1,Canceled
2,0,0,2,Meal Plan 1,0,Room_Type 4,74,Online,132.3,0,Canceled
2,0,2,3,Meal Plan 1,0,Room_Type 1,138,Online,104.55,0,Canceled
1,0,0,2,Meal Plan 2,0,Room_Type 1,346,Offline,90,0,Canceled
1,0,0,2,Meal Plan 1,0,Room_Type 1,188,Offline,130,0,Canceled
1,0,0,3,Meal Plan 1,0,Room_Type 1,113,Corporate,100,0,Canceled
2,1,0,3,Meal Plan 1,0,Room_Type 1,188,Online,116.7,0,Canceled
2,0,0,3,Meal Plan 1,0,Room_Type 1,279,Offline,110,0,Canceled
2,0,2,3,Meal Plan 1,0,Room_Type 1,244,Online,85.85,0,Canceled
2,0,1,2,Meal Plan 1,0,Room_Type 1,14,Online,97.67,1,Canceled
2,0,1,0,Not Selected,0,Room_Type 1,0,Online,75,0,Canceled
2,0,2,4,Not Selected,0,Room_Type 1,2,Online,80.67,0,Not_Canceled
1,0,0,3,Not Selected,0,Room_Type 1,110,Online,85.87,1,Not_Canceled
2,0,0,3,Meal Plan 1,0,Room_Type 1,279,Offline,110,0,Canceled
1,0,0,1,Meal Plan 1,0,Room_Type 1,10,Corporate,66,0,Not_Canceled
2,0,1,1,Meal Plan 1,0,Room_Type 1,27,Online,111.2,0,Canceled
2,0,0,2,Meal Plan 2,0,Room_Type 1,102,Offline,109,0,Not_Canceled
2,0,0,2,Not Selected,0,Room_Type 1,4,Online,124,0,Canceled
2,0,0,1,Meal Plan 1,0,Room_Type 1,8,Online,101,2,Not_Canceled
2,0,0,2,Meal Plan 2,0,Room_Type 1,102,Offline,101.5,0,Canceled
1,0,2,1,Meal Plan 1,0,Room_Type 1,72,Online,87.3,0,Canceled
2,0,0,4,Not Selected,0,Room_Type 1,135,Online,89.25,0,Canceled
2,1,1,3,Meal Plan 1,0,Room_Type 1,207,Online,123.25,1,Canceled
2,0,0,1,Meal Plan 1,0,Room_Type 1,73,Online,126.9,0,Canceled
3,0,0,3,Meal Plan 1,0,Room_Type 4,176,Online,137.7,2,Canceled
2,0,0,1,Not Selected,0,Room_Type 1,6,Online,87,2,Not_Canceled
2,0,1,3,Meal Plan 1,0,Room_Type 1,322,Offline,80,0,Canceled
2,0,1,1,Meal Plan 2,0,Room_Type 1,88,Offline,112.2,0,Not_Canceled
3,0,0,1,Meal Plan 1,0,Room_Type 4,36,Online,159.3,0,Canceled
2,0,0,3,Meal Plan 1,0,Room_Type 1,123,Online,72.25,2,Canceled
2,0,2,3,Not Selected,0,Room_Type 1,81,Online,73.9,0,Canceled
3,0,1,3,Meal Plan 1,0,Room_Type 1,80,Offline,96.9,0,Not_Canceled
2,2,2,1,Meal Plan 1,0,Room_Type 6,57,Online,177.3,0,Canceled
2,0,1,2,Meal Plan 1,0,Room_Type 1,273,Offline,95,0,Canceled
2,0,2,3,Meal Plan 1,0,Room_Type 2,26,Online,85,0,Not_Canceled
3,0,0,1,Meal Plan 1,0,Room_Type 4,27,Online,187,2,Not_Canceled
1,0,1,3,Meal Plan 1,0,Room_Type 4,16,Online,127.5,0,Canceled
1,0,2,7,Meal Plan 1,0,Room_Type 1,0,Complementary,0,0,Not_Canceled
2,0,1,4,Meal Plan 2,0,Room_Type 1,9,Offline,116.04,0,Canceled
2,0,2,2,Not Selected,0,Room_Type 1,15,Online,129,1,Canceled
1,0,0,1,Meal Plan 1,1,Room_Type 1,52,Corporate,67,0,Not_Canceled
1,0,1,0,Meal Plan 1,0,Room_Type 1,35,Corporate,89,0,Not_Canceled
2,0,0,1,Meal Plan 1,0,Room_Type 1,114,Online,128.7,0,Canceled
3,0,2,1,Meal Plan 1,0,Room_Type 4,202,Online,128.7,0,Canceled
2,0,2,3,Meal Plan 1,0,Room_Type 1,303,Online,78,0,Canceled
2,0,0,2,Meal Plan 2,0,Room_Type 1,346,Offline,115,1,Canceled
2,2,1,5,Meal Plan 1,0,Room_Type 2,18,Online,77.88,0,Canceled
2,0,1,1,Meal Plan 1,0,Room_Type 4,267,Online,115.2,0,Canceled
2,0,0,1,Meal Plan 1,0,Room_Type 1,105,Offline,75,0,Canceled
2,0,0,2,Meal Plan 1,0,Room_Type 1,59,Online,93.6,0,Canceled
2,0,0,2,Meal Plan 1,0,Room_Type 1,108,Online,118.8,1,Not_Canceled
2,0,0,2,Meal Plan 1,0,Room_Type 4,7,Online,184,0,Canceled
2,0,0,3,Meal Plan 1,0,Room_Type 1,69,Online,69.99,0,Canceled
1,0,0,1,Meal Plan 1,0,Room_Type 1,40,Online,72.9,0,Canceled
2,0,2,2,Meal Plan 1,0,Room_Type 1,82,Online,112.1,1,Not_Canceled
2,0,0,2,Meal Plan 1,0,Room_Type 1,28,Corporate,100,0,Canceled
2,0,1,3,Meal Plan 1,0,Room_Type 1,122,Offline,75,0,Not_Canceled
1,0,1,2,Meal Plan 1,0,Room_Type 1,18,Online,118.67,0,Not_Canceled
2,0,0,3,Meal Plan 1,0,Room_Type 1,27,Online,141,0,Canceled
3,0,2,1,Meal Plan 1,0,Room_Type 4,84,Online,159.3,0,Canceled
3,0,2,1,Meal Plan 1,0,Room_Type 1,19,Online,118.67,1,Not_Canceled
2,0,0,3,Meal Plan 1,0,Room_Type 1,177,Offline,72.25,1,Not_Canceled
2,0,2,2,Meal Plan 1,0,Room_Type 4,53,Offline,60,0,Not_Canceled
2,0,0,1,Not Selected,0,Room_Type 1,191,Online,71.1,0,Canceled
2,0,2,0,Not Selected,0,Room_Type 1,47,Online,116.1,0,Not_Canceled
2,0,1,2,Not Selected,0,Room_Type 1,1,Online,107.03,1,Not_Canceled
1,0,0,1,Meal Plan 1,0,Room_Type 1,21,Online,85,0,Canceled
1,0,0,2,Meal Plan 1,0,Room_Type 1,4,Corporate,66,0,Not_Canceled
2,0,1,5,Meal Plan 1,0,Room_Type 4,144,Online,112.8,1,Not_Canceled
2,0,0,4,Meal Plan 1,0,Room_Type 1,98,Offline,95,1,Not_Canceled
1,0,1,3,Meal Plan 1,0,Room_Type 1,63,Online,68,0,Canceled
1,0,1,4,Meal Plan 1,0,Room_Type 1,150,Offline,80,0,Not_Canceled
2,0,0,2,Not Selected,0,Room_Type 1,18,Online,139,1,Canceled
2,0,2,1,Meal Plan 1,0,Room_Type 1,244,Online,68.25,1,Not_Canceled
1,0,0,2,Meal Plan 1,0,Room_Type 1,99,Corporate,80.5,0,Not_Canceled
1,0,2,1,Not Selected,0,Room_Type 1,8,Online,85.35,1,Not_Canceled
2,0,1,3,Meal Plan 1,0,Room_Type 1,55,Online,75.95,0,Not_Canceled
2,0,0,2,Meal Plan 1,0,Room_Type 1,245,Offline,75,0,Canceled
2,0,0,2,Meal Plan 2,0,Room_Type 1,102,Offline,109,0,Not_Canceled
2,0,2,0,Not Selected,0,Room_Type 1,196,Online,116.1,0,Canceled
2,0,0,2,Meal Plan 2,0,Room_Type 1,102,Offline,101.5,0,Canceled
2,0,0,1,Meal Plan 1,0,Room_Type 4,12,Online,154,0,Canceled
2,0,0,4,Not Selected,0,Room_Type 1,135,Online,55.08,0,Canceled
2,0,0,2,Not Selected,0,Room_Type 1,46,Online,119.5,2,Not_Canceled
2,0,1,2,Meal Plan 1,0,Room_Type 1,302,Offline,100,0,Canceled
2,0,4,6,Meal Plan 1,0,Room_Type 1,207,Offline,72.25,0,Not_Canceled
2,0,1,1,Meal Plan 1,0,Room_Type 1,25,Offline,76.5,0,Not_Canceled
2,0,2,1,Meal Plan 1,0,Room_Type 4,172,Online,88.7,1,Not_Canceled
2,0,1,3,Meal Plan 1,0,Room_Type 1,332,Online,77.23,2,Not_Canceled
2,1,0,2,Meal Plan 1,0,Room_Type 4,12,Online,156,3,Not_Canceled
1,0,0,1,Meal Plan 1,0,Room_Type 1,4,Online,159,0,Not_Canceled
2,0,2,1,Meal Plan 1,0,Room_Type 1,74,Online,118.8,0,Canceled
2,0,0,2,Meal Plan 1,0,Room_Type 1,48,Offline,130,0,Not_Canceled
2,1,2,1,Meal Plan 1,0,Room_Type 1,110,Online,95,0,Canceled
2,0,0,1,Not Selected,0,Room_Type 1,0,Online,180,0,Not_Canceled
3,0,1,4,Meal Plan 1,0,Room_Type 4,124,Online,146.7,0,Canceled
2,0,0,4,Meal Plan 1,0,Room_Type 1,35,Online,96.3,2,Not_Canceled
2,0,0,2,Not Selected,0,Room_Type 1,23,Online,119,1,Canceled
2,0,0,1,Meal Plan 1,0,Room_Type 1,105,Offline,75,0,Canceled
2,0,1,0,Not Selected,0,Room_Type 1,18,Online,129,1,Canceled
2,0,2,5,Not Selected,0,Room_Type 1,60,Online,60.27,0,Not_Canceled
2,0,1,0,Meal Plan 1,0,Room_Type 1,8,Online,99,1,Canceled
1,0,0,2,Meal Plan 1,0,Room_Type 1,99,Corporate,81,0,Not_Canceled
2,1,0,1,Meal Plan 1,0,Room_Type 1,70,Online,134.1,0,Canceled
1,0,0,4,Meal Plan 1,0,Room_Type 1,5,Corporate,65,0,Not_Canceled
2,2,1,3,Meal Plan 1,0,Room_Type 6,77,Online,187.85,1,Not_Canceled
1,0,0,1,Meal Plan 2,0,Room_Type 1,184,Online,82.12,2,Canceled
2,0,0,3,Not Selected,0,Room_Type 1,188,Online,85.5,2,Canceled
2,0,0,3,Meal Plan 1,0,Room_Type 1,279,Offline,110,0,Canceled
2,0,2,2,Meal Plan 1,0,Room_Type 1,28,Online,73.88,0,Not_Canceled
2,0,0,1,Meal Plan 1,0,Room_Type 1,0,Online,138.99,0,Not_Canceled
2,0,0,1,Meal Plan 1,0,Room_Type 1,1,Online,111,1,Not_Canceled
2,0,1,3,Meal Plan 1,0,Room_Type 1,123,Online,99.45,0,Canceled
1,0,2,7,Meal Plan 1,0,Room_Type 4,28,Online,101.78,0,Canceled
2,0,0,2,Meal Plan 1,0,Room_Type 4,19,Online,148,1,Not_Canceled
1,0,2,5,Not Selected,0,Room_Type 1,23,Online,89.64,1,Canceled
2,0,1,2,Meal Plan 1,0,Room_Type 1,34,Online,78.3,0,Not_Canceled
2,0,1,2,Meal Plan 1,0,Room_Type 1,78,Offline,100,0,Canceled
1,0,1,1,Not Selected,0,Room_Type 1,44,Online,87.2,0,Canceled
2,0,1,2,Meal Plan 1,0,Room_Type 4,46,Offline,60,0,Not_Canceled
2,0,2,0,Meal Plan 2,0,Room_Type 1,275,Offline,110,0,Canceled
2,0,1,0,Not Selected,0,Room_Type 1,0,Online,68.53,0,Not_Canceled
2,0,2,5,Meal Plan 1,0,Room_Type 1,88,Online,82.45,1,Not_Canceled
2,0,2,1,Meal Plan 2,0,Room_Type 1,131,Offline,94.5,0,Canceled
2,0,2,2,Meal Plan 1,0,Room_Type 1,68,Online,108.38,1,Canceled
2,0,2,2,Meal Plan 2,0,Room_Type 1,169,Offline,106,0,Canceled
2,0,0,3,Meal Plan 1,0,Room_Type 1,42,Online,104,2,Not_Canceled
1,0,0,2,Meal Plan 1,0,Room_Type 1,32,Offline,73,0,Not_Canceled
2,0,2,2,Meal Plan 1,0,Room_Type 1,75,Offline,80.75,0,Not_Canceled
2,0,0,2,Meal Plan 1,0,Room_Type 1,245,Offline,75,0,Canceled
2,0,1,1,Meal Plan 1,0,Room_Type 1,174,Offline,70,0,Canceled
2,0,0,4,Meal Plan 1,0,Room_Type 4,133,Online,120.7,2,Not_Canceled
2,0,0,1,Not Selected,0,Room_Type 1,12,Online,101.68,1,Not_Canceled
2,0,0,3,Meal Plan 2,0,Room_Type 1,67,Online,161.1,1,Not_Canceled
2,0,0,1,Meal Plan 1,0,Room_Type 1,1,Online,105,0,Not_Canceled
1,0,0,2,Meal Plan 1,0,Room_Type 1,1,Offline,100,0,Not_Canceled
3,0,1,3,Meal Plan 1,0,Room_Type 4,154,Online,151.2,2,Canceled
2,0,1,2,Meal Plan 2,0,Room_Type 1,161,Offline,130,0,Canceled
2,0,2,1,Meal Plan 1,0,Room_Type 4,102,Offline,48.67,2,Not_Canceled
2,0,0,2,Meal Plan 1,0,Room_Type 1,23,Online,140,0,Canceled
1,0,1,1,Meal Plan 1,0,Room_Type 1,36,Online,135.9,0,Not_Canceled
2,0,2,3,Meal Plan 2,0,Room_Type 1,111,Online,139.5,1,Not_Canceled
1,0,1,0,Not Selected,0,Room_Type 1,6,Online,88,1,Not_Canceled
0,2,2,3,Meal Plan 1,0,Room_Type 2,185,Online,84.82,0,Canceled
2,0,0,1,Meal Plan 2,0,Room_Type 1,83,Offline,112.2,0,Not_Canceled
2,1,2,3,Meal Plan 1,0,Room_Type 1,9,Online,154.4,2,Not_Canceled
2,0,0,1,Meal Plan 1,0,Room_Type 1,24,Online,117,1,Not_Canceled
3,0,1,1,Meal Plan 2,0,Room_Type 4,193,Online,189,1,Canceled
2,0,0,2,Meal Plan 1,0,Room_Type 1,317,Offline,120,0,Canceled
2,0,2,2,Not Selected,0,Room_Type 1,110,Online,76.5,1,Canceled
2,0,0,2,Not Selected,0,Room_Type 1,13,Online,129,1,Canceled
1,0,0,2,Meal Plan 2,0,Room_Type 1,68,Offline,58,0,Not_Canceled
2,0,0,3,Meal Plan 1,0,Room_Type 1,183,Offline,110,1,Canceled
2,0,0,3,Not Selected,0,Room_Type 1,240,Online,85.5,1,Canceled
2,0,2,5,Meal Plan 1,0,Room_Type 1,18,Online,98.57,2,Canceled
2,0,2,2,Not Selected,0,Room_Type 1,18,Online,99.75,1,Not_Canceled
3,0,0,3,Meal Plan 1,0,Room_Type 4,125,Online,138.3,0,Canceled
1,0,1,1,Not Selected,0,Room_Type 1,48,Online,107.1,1,Canceled
2,0,0,4,Meal Plan 2,0,Room_Type 4,63,Online,144.5,2,Canceled
2,0,2,1,Meal Plan 1,1,Room_Type 2,278,Online,103.95,0,Canceled
2,0,0,1,Not Selected,0,Room_Type 1,0,Online,89,1,Not_Canceled
1,0,1,0,Meal Plan 1,0,Room_Type 1,119,Online,68,1,Canceled
2,0,2,2,Meal Plan 1,0,Room_Type 1,68,Online,89.25,1,Canceled
1,0,0,1,Meal Plan 1,0,Room_Type 1,5,Corporate,65,0,Not_Canceled
2,0,0,4,Meal Plan 1,0,Room_Type 4,17,Online,133.5,0,Canceled
1,0,0,3,Meal Plan 1,0,Room_Type 1,26,Corporate,77,0,Canceled
2,1,2,3,Meal Plan 1,0,Room_Type 4,66,Online,119.16,2,Not_Canceled
1,0,0,1,Meal Plan 1,0,Room_Type 1,22,Corporate,62,1,Not_Canceled
1,0,0,2,Meal Plan 1,0,Room_Type 1,119,Online,90.9,0,Canceled
2,0,2,2,Meal Plan 1,0,Room_Type 1,240,Online,95.63,1,Canceled
2,0,2,5,Meal Plan 1,0,Room_Type 4,96,Offline,78.2,0,Canceled
1,0,0,1,Meal Plan 1,0,Room_Type 4,31,Corporate,90,1,Not_Canceled
2,0,2,5,Meal Plan 1,0,Room_Type 1,88,Online,54.63,0,Not_Canceled
1,0,1,1,Meal Plan 2,0,Room_Type 1,301,Offline,90,0,Not_Canceled
2,1,2,4,Meal Plan 1,0,Room_Type 1,47,Online,129.99,1,Not_Canceled
2,0,0,2,Not Selected,0,Room_Type 1,140,Online,112.5,1,Not_Canceled
2,0,1,0,Meal Plan 1,0,Room_Type 1,33,Online,80.3,1,Not_Canceled
1,0,1,1,Meal Plan 1,0,Room_Type 1,45,Online,86.4,0,Canceled
2,0,0,4,Meal Plan 1,0,Room_Type 1,36,Online,168.73,0,Not_Canceled
2,0,2,2,Meal Plan 1,0,Room_Type 4,44,Offline,87.2,0,Not_Canceled
2,0,2,7,Meal Plan 1,0,Room_Type 4,18,Online,141.56,0,Canceled
1,0,0,2,Meal Plan 1,0,Room_Type 1,192,Offline,95,0,Not_Canceled
1,0,0,2,Not Selected,0,Room_Type 1,83,Online,83.59,0,Not_Canceled
1,0,0,3,Meal Plan 1,0,Room_Type 1,37,Offline,95,0,Not_Canceled
2,0,1,0,Meal Plan 1,0,Room_Type 1,141,Offline,90,0,Canceled
1,0,1,2,Meal Plan 1,0,Room_Type 1,133,Offline,74.67,1,Not_Canceled
1,0,0,3,Meal Plan 1,0,Room_Type 1,46,Online,73.9,0,Canceled
1,0,0,1,Not Selected,0,Room_Type 1,33,Online,125.1,1,Not_Canceled
2,0,2,4,Meal Plan 1,0,Room_Type 1,96,Online,99.45,0,Canceled
2,0,1,1,Not Selected,0,Room_Type 1,268,Online,95.4,0,Canceled
2,0,1,5,Meal Plan 1,0,Room_Type 1,68,Online,131.4,1,Not_Canceled
2,0,0,1,Meal Plan 1,0,Room_Type 5,3,Corporate,159,0,Not_Canceled
2,0,0,1,Not Selected,0,Room_Type 1,0,Online,79,0,Not_Canceled
2,0,1,2,Meal Plan 1,0,Room_Type 1,279,Offline,80.75,1,Not_Canceled
2,0,0,3,Not Selected,0,Room_Type 1,15,Offline,85,0,Not_Canceled
2,0,1,1,Meal Plan 1,0,Room_Type 1,159,Offline,70,0,Not_Canceled
2,0,1,3,Not Selected,0,Room_Type 1,7,Offline,72.25,0,Not_Canceled
2,0,0,2,Meal Plan 1,0,Room_Type 1,54,Online,126.9,1,Not_Canceled
1,0,0,2,Meal Plan 1,0,Room_Type 1,172,Offline,95,0,Canceled
2,0,2,2,Meal Plan 1,0,Room_Type 1,117,Offline,110,1,Not_Canceled
1,0,1,5,Meal Plan 1,0,Room_Type 1,349,Offline,80,0,Canceled
1,0,0,1,Meal Plan 1,0,Room_Type 1,8,Online,95,0,Not_Canceled
1,0,2,2,Meal Plan 1,1,Room_Type 1,31,Corporate,67,0,Not_Canceled
1,0,0,2,Meal Plan 1,1,Room_Type 1,0,Corporate,65,1,Not_Canceled
2,0,1,3,Meal Plan 1,0,Room_Type 1,106,Online,90.23,2,Canceled
2,0,1,1,Meal Plan 1,0,Room_Type 1,21,Online,105,2,Not_Canceled
2,0,0,1,Meal Plan 1,0,Room_Type 1,9,Online,139,1,Not_Canceled
